Carimbo de data/hora,Marque o seu Estado,Qual era a sua idade no ano de 2013?,Qual é o seu gênero?,Você era estudante em 2013?,"No ano de 2013, com que frequência você acessou internet em casa?","No ano de 2013, com que frequência você acessou internet fora de casa?",Você se considera interessado em assuntos políticos?,Você gosta de falar sobre política em público?,Você gosta de falar sobre política nas redes sociais?,Eu acredito que as redes sociais são a melhor maneira de me manter informado sobre acontecimentos do mundo.,Eu acredito que por meio das redes sociais eu consigo expressar melhor meus pensamentos e opiniões do que pessoalmente. ,Eu acredito que as redes sociais são um canal de informação confiável.,Eu acredito que os usuários de redes sociais tendem a falar sobre política com propriedade e conhecimento avançado do assunto. ,"Em junho de 2013, me senti motivado a participar dos protestos que aconteceram em todo o país após a divulgação dos mesmos pela mídia tradicional. ","Em junho de 2013, me senti motivado a participar dos protestos que aconteceram em todo o país após o compartilhamento de textos, fotos e vídeos nas redes sociais, pelos meus amigos.","Em junho de 2013, me senti motivado a participar dos protestos que aconteceram em todo o país, porque acredito que devo defender meus direitos civis e políticos.","Depois dos protestos de 2013, continuei a participar de ações e protestos que apoiavam causas em que acredito.","Em 2013, com que frequência você acessou websites políticos, leu blogs sobre política ou postagens nas redes sociais sobre política?","Em 2013, com que frequência você viu imagens ou assistiu a videos relacionados a assuntos políticos?","Em 2013, com que frequência você leu artigos da mídia impressa sobre política?","Em 2013, com que frequência você acompanhou as notícias políticas no rádio ou na televisão?","Em 2013, com que frequência você demonstrou a sua opinião sobre assuntos políticos nas redes sociais pressionando o botão de curtir?","Em 2013, com que frequência você postou/compartilhou conteúdo político nas redes sociais?","Em 2013, com que frequência você distribuiu material político impresso (ex: panfletos, adesivos, etc.) para seus amigos, familiares ou colegas de trabalho/faculdade/escola?","Em 2013, com que frequência você comentou em postagens de conteúdo político nas redes sociais?","Em 2013, com que frequência você discutiu assuntos políticos pessoalmente ou pelo telefone com amigos, familiares ou colegas de trabalho/faculdade/escola?","Em 2013, com que frequência você trocou ideias com desconhecidos sobre política ou participou de grupos de discussão sobre o mesmo fora da Internet?","Em 2013, com que frequência você vestiu uma camisa de protesto, colocou um adesivo de protesto no carro ou um sinal de protesto (bandeira, faixa, etc.) na sua janela, ou em frente a sua casa?","Em 2013, com que frequência você tentou convencer pessoas a protestar, ou explicou razões pelas quais elas deveriam protestar?","Em 2013, com que frequência você participou de protestos ou marchas políticas?","Em 2013, qual era a probabilidade de você assinar uma petição online sobre assuntos políticos?","HOJE EM DIA, qual é a probabilidade de você assinar uma petição online sobre assuntos políticos?","Em 2013, qual era a probabilidade de você contactar um representante da sua comunidade no governo por e-mail ou redes sociais?","HOJE EM DIA, qual é a probabilidade de você contactar um representante da sua comunidade no governo por e-mail ou redes sociais?","Em 2013, qual era a probabilidade de você assinar uma petição pessoalmente?","HOJE EM DIA, qual é a probabilidade de você assinar uma petição pessoalmente?","Em 2013, qual era a probabilidade de você fazer uma reclamação diretamente à um órgão do governo, seja pessoalmente ou por telefone?","HOJE EM DIA, qual é a probabilidade de você fazer uma reclamação diretamente à um órgão do governo, seja pessoalmente ou por telefone?","Em 2013, qual era a probabilidade de você participar de protestos públicos?","HOJE EM DIA, qual é a probabilidade de você participar de protestos públicos?"
2/28/2016 12:20:21,Ceará,41 a 50 anos,Feminino,Não,5,3,5,5,5,4,4,4,2,2,3,5,5,4,4,3,4,5,5,3,4,4,4,4,4,4,4,4,4,4,5,5,4,5,5,5
2/28/2016 12:26:12,Ceará,21 a 30 anos,Feminino,Sim,5,5,3,3,2,4,3,2,1,4,4,3,1,1,3,4,3,4,3,1,3,2,2,1,3,1,1,3,1,1,3,3,3,1,2,4
2/28/2016 12:49:43,Ceará,21 a 30 anos,Masculino,Sim,5,4,5,4,3,2,3,1,1,2,2,3,1,5,4,2,5,5,4,1,3,4,2,1,2,1,4,4,1,1,2,2,2,4,2,1
2/28/2016 12:56:52,São Paulo,21 a 30 anos,Feminino,Não,5,5,4,4,2,4,2,3,2,2,3,5,5,4,4,4,4,2,2,1,1,5,2,1,1,3,4,4,2,3,4,4,5,5,4,4
2/28/2016 13:14:51,Ceará,21 a 30 anos,Masculino,Não,5,5,4,2,2,5,2,3,2,3,3,3,3,4,3,3,2,3,4,1,2,2,2,3,1,1,4,4,2,2,4,5,4,4,3,3
2/28/2016 13:25:30,Rio de Janeiro,31 a 40 anos,Masculino,Não,5,5,5,3,3,2,1,1,1,1,1,2,3,4,5,1,1,3,3,1,3,4,2,1,1,1,3,3,3,3,3,3,3,3,2,2
2/28/2016 13:40:14,Paraíba,31 a 40 anos,Masculino,Não,5,3,5,4,4,1,3,1,1,3,3,2,2,5,4,4,5,3,4,1,4,1,4,1,1,2,3,3,3,3,3,3,3,3,3,3
2/28/2016 13:43:33,Ceará,a partir de 51 anos,Masculino,Não,5,5,5,5,5,5,5,5,5,4,4,4,4,5,5,5,5,4,4,3,4,4,4,3,3,3,4,4,4,4,4,4,4,4,4,3
2/28/2016 13:44:29,Rio de Janeiro,21 a 30 anos,Masculino,Sim,5,3,4,3,2,3,2,2,1,1,5,4,3,4,4,3,2,5,3,1,4,5,2,1,4,4,5,3,3,1,4,1,3,1,5,1
2/28/2016 13:52:25,Rio Grande do Sul,21 a 30 anos,Feminino,Sim,5,3,4,3,2,4,2,3,2,2,4,4,4,5,4,4,3,4,2,1,1,4,3,1,1,1,4,4,2,3,2,3,2,3,2,3
2/28/2016 13:53:00,Rio de Janeiro,até 20 anos,Feminino,Sim,5,5,5,4,3,4,4,4,1,1,5,5,5,5,5,5,5,5,3,1,5,5,1,1,5,4,4,3,5,4,5,4,4,4,5,2
2/28/2016 13:54:22,Ceará,41 a 50 anos,Feminino,Não,4,3,3,1,1,3,3,3,3,2,3,4,2,2,2,3,3,3,2,1,1,3,2,1,1,1,5,5,5,5,5,5,4,4,4,4
2/28/2016 13:56:37,São Paulo,31 a 40 anos,Masculino,Não,5,5,5,4,4,1,1,1,1,3,1,3,3,4,4,3,4,3,3,1,3,4,3,1,1,1,2,4,3,3,5,5,5,5,3,3
2/28/2016 14:00:00,Rio de Janeiro,21 a 30 anos,Masculino,Sim,5,4,5,5,5,4,1,3,2,2,5,5,5,5,5,5,5,5,5,2,5,5,5,1,5,5,5,2,5,5,4,4,3,3,5,5
2/28/2016 14:11:17,Maranhão,21 a 30 anos,Masculino,Não,5,4,4,3,1,3,1,2,1,1,1,1,1,5,4,4,5,5,3,2,3,5,2,1,1,1,4,4,2,2,3,4,5,1,1,1
2/28/2016 14:13:52,Paraná,21 a 30 anos,Masculino,Não,5,2,5,5,5,2,3,2,1,1,5,5,5,4,4,2,2,4,4,1,3,3,3,2,3,3,4,4,3,3,4,4,4,4,4,4
2/28/2016 14:19:05,Rio Grande do Norte,até 20 anos,Feminino,Sim,5,5,4,1,1,3,1,1,1,3,5,5,1,1,1,1,1,4,1,1,1,3,1,1,2,3,1,1,5,5,3,2,2,2,5,2
2/28/2016 14:29:48,Maranhão,21 a 30 anos,Feminino,Sim,3,2,3,3,1,4,2,2,2,1,1,2,1,1,3,3,3,1,1,1,1,4,1,1,1,1,3,3,1,1,2,2,1,1,2,2
2/28/2016 14:33:22,Ceará,21 a 30 anos,Feminino,Não,5,2,5,5,5,5,1,3,2,1,5,1,5,5,5,5,1,5,5,3,5,5,4,1,5,5,5,5,5,5,5,5,5,5,5,5
2/28/2016 14:35:33,Rio de Janeiro,21 a 30 anos,Feminino,Não,5,2,4,2,2,4,2,2,1,2,2,1,1,3,3,2,2,4,2,1,2,3,1,1,1,1,2,2,2,2,2,2,2,2,3,1
2/28/2016 14:40:05,Rio de Janeiro,a partir de 51 anos,Feminino,Não,5,1,4,3,3,1,2,1,2,1,2,2,1,3,4,5,4,1,3,1,2,4,1,1,1,1,3,3,1,1,3,3,2,2,1,1
2/28/2016 14:48:50,Maranhão,21 a 30 anos,Feminino,Não,5,5,3,3,1,4,2,2,1,2,2,4,5,4,3,3,3,3,1,1,2,1,1,1,1,3,3,5,1,1,1,1,5,5,5,5
2/28/2016 14:58:31,Rio de Janeiro,21 a 30 anos,Masculino,Sim,5,5,2,1,2,3,2,2,1,1,3,3,2,4,3,1,2,3,1,1,1,1,2,1,1,2,5,3,2,1,3,2,2,2,3,1
2/28/2016 14:59:50,São Paulo,até 20 anos,Masculino,Sim,5,5,3,2,1,1,1,1,1,3,4,3,2,2,3,2,2,1,1,1,1,3,1,1,2,2,2,1,1,1,1,1,1,1,2,1
2/28/2016 15:05:13,Ceará,21 a 30 anos,Masculino,Não,5,3,5,1,1,2,1,2,2,1,1,3,1,5,4,4,4,1,1,1,1,3,1,1,1,1,4,4,1,1,3,3,1,1,1,1
2/28/2016 15:08:22,Ceará,21 a 30 anos,Feminino,Sim,5,5,3,3,3,3,3,1,3,3,3,3,1,2,2,2,3,2,2,1,2,3,1,1,1,1,5,5,1,1,1,3,1,1,1,3
2/28/2016 15:23:19,Ceará,31 a 40 anos,Masculino,Não,3,4,5,4,1,2,2,1,2,3,1,2,1,3,4,4,5,2,1,2,1,3,3,1,1,1,3,5,3,5,3,5,3,5,3,4
2/28/2016 15:27:07,Rio de Janeiro,21 a 30 anos,Feminino,Não,5,5,5,3,4,3,3,2,5,1,5,4,2,5,5,2,4,5,5,1,4,4,3,1,3,1,5,2,4,1,4,4,4,4,3,2
2/28/2016 15:35:49,Ceará,21 a 30 anos,Feminino,Sim,5,3,4,2,2,2,3,2,5,5,5,5,2,4,4,3,4,5,2,1,4,5,3,1,4,2,5,5,2,2,5,5,2,2,5,3
2/28/2016 15:40:48,Ceará,até 20 anos,Feminino,Sim,5,3,1,1,1,3,3,3,1,3,3,4,2,1,3,1,3,1,1,1,1,2,1,2,1,2,1,4,1,1,1,2,1,1,3,3
2/28/2016 15:48:24,Rio de Janeiro,até 20 anos,Masculino,Sim,5,3,4,4,2,4,2,1,1,4,2,4,4,4,4,4,4,3,4,3,3,4,3,4,4,5,4,3,3,2,3,2,2,2,4,2
2/28/2016 15:48:49,Rio Grande do Norte,até 20 anos,Masculino,Não,5,3,5,5,1,2,2,1,1,2,1,3,2,3,3,4,4,3,2,1,1,3,2,1,3,2,3,4,1,3,3,3,1,1,4,1
2/28/2016 15:56:40,Ceará,21 a 30 anos,Masculino,Sim,5,3,1,1,1,1,1,1,1,1,1,1,1,2,2,2,2,1,1,1,1,1,1,1,1,1,1,1,1,1,1,1,1,1,1,1
2/28/2016 16:09:35,Ceará,até 20 anos,Feminino,Sim,5,3,2,1,1,3,3,2,1,2,3,4,4,3,4,2,2,5,2,1,3,4,4,3,3,3,5,5,2,2,5,5,4,4,5,3
2/28/2016 16:18:57,Santa Catarina,a partir de 51 anos,Feminino,Não,5,5,5,5,5,1,1,1,1,2,2,1,5,5,5,5,5,5,1,2,2,5,5,1,2,2,5,5,5,5,5,5,5,5,5,5
2/28/2016 16:23:03,São Paulo,até 20 anos,Masculino,Sim,5,4,4,2,2,4,3,2,1,2,2,2,1,5,4,3,2,3,3,1,2,3,2,1,1,2,3,1,2,2,2,1,1,1,2,1
2/28/2016 16:30:19,Ceará,até 20 anos,Masculino,Sim,5,2,5,2,4,4,5,3,1,1,1,1,1,4,4,2,3,3,4,1,1,2,3,1,1,1,3,5,1,3,2,5,1,1,1,2
2/28/2016 16:59:10,Rio de Janeiro,21 a 30 anos,Feminino,Sim,5,5,3,1,1,2,1,2,1,2,2,3,2,5,3,3,2,2,1,1,1,3,1,1,1,1,4,4,1,1,1,1,2,2,2,1
2/28/2016 17:09:39,Rio de Janeiro,até 20 anos,Feminino,Sim,4,3,4,4,3,2,3,2,2,2,4,3,3,3,3,3,2,5,3,1,3,4,1,1,2,3,3,2,4,2,2,2,2,3,5,3
2/28/2016 17:11:08,Rio de Janeiro,31 a 40 anos,Masculino,Sim,5,5,5,4,4,4,3,3,2,1,5,5,4,5,5,4,4,5,5,1,4,5,3,4,5,5,5,5,4,3,5,5,4,4,5,4
2/28/2016 17:16:25,Santa Catarina,21 a 30 anos,Feminino,Sim,5,5,4,3,3,5,3,1,1,3,3,4,4,4,4,4,2,3,3,1,3,3,3,1,2,1,4,2,2,2,2,2,2,2,2,2
2/28/2016 17:16:32,Santa Catarina,21 a 30 anos,Feminino,Sim,5,5,4,3,3,5,3,1,1,3,3,4,4,4,4,4,2,3,3,1,3,3,3,1,2,1,4,2,2,2,2,2,2,2,2,2
2/28/2016 17:21:10,Minas Gerais,21 a 30 anos,Masculino,Não,5,5,1,1,1,3,4,2,1,1,1,1,1,2,1,1,1,1,1,1,1,1,1,1,1,1,1,1,1,1,1,1,1,1,1,1
2/28/2016 17:36:42,Ceará,21 a 30 anos,Masculino,Não,5,1,5,5,5,2,4,2,2,1,4,5,5,5,5,5,5,5,5,2,5,5,4,1,1,4,5,5,5,5,2,3,5,5,5,4
2/28/2016 17:55:14,São Paulo,a partir de 51 anos,Feminino,Não,5,4,5,1,1,4,1,1,1,1,5,5,1,4,5,5,5,1,1,1,1,1,1,1,1,1,1,1,1,1,1,1,4,4,1,1
2/28/2016 18:49:32,Rio de Janeiro,até 20 anos,Feminino,Sim,5,5,4,3,3,4,3,2,2,2,4,4,2,4,4,4,4,5,5,1,3,4,4,2,2,2,5,5,4,4,2,2,1,1,4,1
2/28/2016 19:30:28,São Paulo,21 a 30 anos,Feminino,Sim,5,3,4,1,2,3,3,2,2,4,3,3,3,3,4,2,3,3,1,1,1,3,2,1,1,1,4,3,1,1,3,3,1,2,1,2
2/28/2016 19:55:34,Ceará,21 a 30 anos,Feminino,Sim,5,4,4,3,3,5,3,3,5,1,4,5,2,2,3,3,3,4,3,1,2,4,2,2,3,2,2,2,1,1,2,2,1,1,4,3
2/28/2016 21:13:40,São Paulo,21 a 30 anos,Feminino,Sim,2,3,3,3,3,5,2,3,3,2,2,3,2,3,4,3,2,3,2,1,2,2,1,1,1,1,5,5,2,4,3,4,3,3,1,2
2/28/2016 21:22:26,Rio de Janeiro,21 a 30 anos,Feminino,Sim,5,5,5,4,1,3,1,1,1,2,4,4,2,5,3,5,2,5,3,3,3,5,2,1,2,3,2,2,1,1,1,2,1,1,4,1
2/28/2016 21:31:26,Ceará,21 a 30 anos,Feminino,Não,5,5,3,1,1,2,1,1,1,3,2,3,1,2,3,3,4,3,1,1,1,3,1,1,1,1,4,4,2,2,3,3,2,2,2,2
2/28/2016 21:33:53,Ceará,31 a 40 anos,Masculino,Não,5,5,3,2,3,2,3,3,2,3,4,5,4,3,4,3,4,4,4,1,2,2,3,3,4,3,3,4,2,2,5,5,5,5,4,5
2/28/2016 21:47:57,Rio de Janeiro,21 a 30 anos,Feminino,Não,5,5,3,2,2,4,1,2,2,1,5,4,1,2,4,2,1,5,4,1,4,3,3,1,2,1,4,4,2,2,4,4,1,1,3,4
2/28/2016 22:01:45,São Paulo,21 a 30 anos,Masculino,Não,5,4,2,1,1,3,3,3,2,1,5,5,3,3,3,1,3,4,3,1,2,3,3,2,3,3,4,3,1,1,3,3,3,3,4,4
2/28/2016 22:18:20,Rio Grande do Sul,21 a 30 anos,Masculino,Sim,3,2,1,1,1,5,1,2,1,2,2,3,1,1,4,3,5,1,1,1,1,3,2,1,1,1,2,5,2,2,1,1,5,5,1,1
2/28/2016 22:21:55,São Paulo,a partir de 51 anos,Masculino,Não,5,5,3,3,3,3,3,3,1,2,2,2,2,1,1,2,2,2,2,1,2,2,2,1,1,1,1,3,1,4,1,4,2,4,2,4
2/28/2016 23:03:12,Pará,até 20 anos,Feminino,Sim,5,5,4,3,2,3,4,3,1,1,4,4,2,3,4,3,4,5,2,1,2,3,2,1,2,2,4,4,2,2,1,4,2,2,2,2
2/28/2016 23:06:04,Ceará,41 a 50 anos,Feminino,Não,5,3,4,2,1,3,2,2,2,3,4,2,3,4,4,4,5,3,2,1,2,4,3,2,3,1,3,4,2,3,3,3,4,4,2,3
2/28/2016 23:09:53,São Paulo,21 a 30 anos,Masculino,Sim,5,4,3,3,1,2,1,2,2,1,1,4,4,4,4,5,1,2,1,1,1,5,4,1,3,2,3,4,3,4,4,4,5,5,3,3
2/28/2016 23:14:54,São Paulo,21 a 30 anos,Masculino,Sim,5,4,2,2,1,2,1,1,2,1,5,5,2,5,5,2,2,2,1,1,1,5,2,1,3,2,4,2,1,1,4,4,3,3,5,4
2/28/2016 23:17:22,Minas Gerais,21 a 30 anos,Feminino,Sim,5,3,1,1,1,5,3,3,3,5,5,5,1,5,5,3,5,5,5,1,5,5,1,5,5,5,5,1,3,1,5,3,5,1,5,1
2/28/2016 23:22:14,Minas Gerais,21 a 30 anos,Masculino,Não,5,4,5,5,5,4,4,3,2,4,4,4,3,5,5,5,3,4,5,1,4,4,3,1,1,1,4,3,3,2,4,3,3,4,3,2
2/28/2016 23:22:53,Santa Catarina,até 20 anos,Feminino,Sim,5,3,4,2,1,4,3,3,2,4,3,5,2,3,4,5,4,3,1,1,1,5,1,1,3,1,5,5,1,1,3,4,1,1,1,3
2/28/2016 23:24:48,Minas Gerais,21 a 30 anos,Masculino,Sim,5,5,5,3,1,1,1,1,1,1,1,1,1,4,4,4,2,1,1,1,1,4,1,1,1,1,2,3,1,3,2,2,1,1,1,1
2/28/2016 23:29:05,Mato Grosso do Sul,até 20 anos,Feminino,Não,5,1,4,1,1,1,4,1,1,5,5,5,5,3,4,5,4,1,1,1,2,2,1,4,4,4,5,4,1,1,1,1,1,1,3,4
2/28/2016 23:33:50,Paraná,até 20 anos,Feminino,Sim,5,2,5,4,1,4,1,2,1,3,3,4,4,2,4,2,3,2,1,1,2,4,4,1,1,2,3,3,3,2,5,5,5,5,2,4
2/28/2016 23:35:22,Rio de Janeiro,31 a 40 anos,Feminino,Não,5,5,3,3,3,3,2,1,1,1,1,3,1,3,2,2,3,2,2,1,2,3,1,1,1,1,2,2,1,1,2,2,3,3,1,1
2/28/2016 23:44:03,Minas Gerais,até 20 anos,Feminino,Sim,5,4,4,4,2,5,2,4,3,1,1,1,1,3,3,1,1,3,2,1,1,3,3,1,2,1,1,3,1,1,2,3,3,3,1,4
2/29/2016 0:16:40,Paraná,até 20 anos,Feminino,Sim,4,3,4,3,2,2,2,1,1,2,2,4,3,3,4,1,2,1,1,1,1,5,2,4,3,3,1,1,2,2,3,3,2,2,3,4
2/29/2016 0:21:52,São Paulo,21 a 30 anos,Feminino,Não,5,5,3,3,1,3,2,2,1,3,4,4,3,3,4,4,3,2,1,1,2,3,1,1,3,1,4,4,1,1,3,3,1,1,2,3
2/29/2016 3:31:13,Ceará,21 a 30 anos,Masculino,Sim,5,2,2,1,1,2,1,1,1,2,4,4,4,1,3,1,2,4,2,1,2,3,1,2,2,3,3,3,2,3,1,2,2,2,4,3
2/29/2016 4:09:20,Bahia,21 a 30 anos,Masculino,Sim,5,5,4,4,4,2,2,2,2,1,2,3,1,3,3,4,3,4,3,1,2,3,1,1,1,2,4,4,2,2,4,4,2,2,3,3
2/29/2016 6:50:31,Ceará,31 a 40 anos,Masculino,Sim,5,5,2,2,1,2,4,1,1,1,1,1,1,2,2,2,2,2,1,1,1,2,2,1,1,1,1,1,1,1,1,1,1,1,1,1
2/29/2016 7:04:30,Rio de Janeiro,a partir de 51 anos,Feminino,Não,4,3,3,1,1,5,3,3,2,1,1,1,1,4,4,1,1,2,1,1,1,1,3,1,1,1,3,5,3,4,2,2,2,2,1,1
2/29/2016 7:23:20,São Paulo,a partir de 51 anos,Feminino,Não,5,2,4,2,3,3,4,2,2,5,5,5,5,4,4,3,3,5,4,1,4,3,1,4,5,5,5,5,4,4,3,3,2,2,5,5
2/29/2016 8:11:16,Pernambuco,até 20 anos,Masculino,Sim,5,3,3,3,3,2,2,2,2,1,1,1,1,4,4,4,4,3,1,1,4,2,1,1,1,1,5,5,1,1,5,5,4,4,1,1
2/29/2016 8:54:09,Piauí,21 a 30 anos,Masculino,Não,5,5,5,5,3,3,3,1,1,1,1,1,3,5,5,5,5,5,5,1,3,3,3,1,1,1,5,1,1,1,5,3,5,5,1,1
2/29/2016 9:03:33,São Paulo,21 a 30 anos,Feminino,Não,4,5,2,2,1,3,2,2,1,1,1,1,1,2,2,3,2,2,2,1,1,1,1,2,1,1,2,1,2,1,1,1,1,1,1,1
2/29/2016 9:07:41,Piauí,31 a 40 anos,Feminino,Não,5,5,3,2,3,2,1,2,1,2,1,2,3,5,4,3,3,3,1,1,2,2,2,1,1,1,4,5,3,5,4,4,5,5,2,2
2/29/2016 9:10:17,Piauí,21 a 30 anos,Masculino,Não,4,4,4,3,2,3,3,2,2,2,2,2,2,1,2,3,4,3,2,1,3,4,1,1,2,1,2,3,2,4,2,3,2,3,1,1
2/29/2016 9:10:54,Amapá,21 a 30 anos,Masculino,Sim,3,2,4,5,4,2,3,1,2,5,4,5,4,3,3,3,3,4,2,1,3,2,1,1,3,2,1,5,2,4,1,4,2,4,3,5
2/29/2016 9:14:36,Piauí,21 a 30 anos,Masculino,Sim,5,5,5,4,3,2,2,2,1,5,4,5,3,4,4,4,5,5,5,2,5,5,4,1,5,4,5,4,2,3,5,5,3,5,5,4
2/29/2016 9:18:22,Rio de Janeiro,21 a 30 anos,Feminino,Não,5,5,5,3,5,4,2,2,3,3,4,5,3,4,4,1,4,5,5,1,5,4,1,4,4,3,5,5,5,5,5,5,5,5,4,4
2/29/2016 9:22:57,Piauí,31 a 40 anos,Feminino,Não,5,5,1,1,1,4,1,2,1,1,1,1,1,2,2,2,2,2,1,1,1,1,1,1,1,1,1,1,1,1,1,1,1,1,1,1
2/29/2016 9:23:08,Pernambuco,41 a 50 anos,Masculino,Não,5,5,3,2,2,5,4,3,2,3,3,3,3,4,5,4,3,4,2,1,2,2,2,1,1,2,2,2,1,1,4,2,2,2,2,2
2/29/2016 9:31:58,Piauí,31 a 40 anos,Masculino,Não,5,5,4,4,4,2,3,2,1,2,3,4,3,4,3,2,5,2,4,1,3,5,2,1,1,2,4,4,4,5,4,5,5,5,3,4
2/29/2016 9:46:06,Piauí,21 a 30 anos,Feminino,Não,5,5,3,2,3,2,2,2,1,1,2,3,2,4,4,4,2,5,4,1,4,4,4,1,1,1,4,3,2,2,1,1,2,2,2,3
2/29/2016 9:49:29,Piauí,31 a 40 anos,Masculino,Não,5,5,5,5,3,3,4,2,1,1,1,2,1,1,3,1,1,3,1,1,1,1,1,1,1,1,1,2,2,2,2,2,4,3,1,1
2/29/2016 9:53:16,Piauí,21 a 30 anos,Feminino,Não,5,5,3,2,1,3,2,2,1,1,2,4,2,5,5,3,2,1,1,1,1,3,1,1,1,1,4,4,4,5,2,2,4,4,1,1
2/29/2016 10:00:19,Minas Gerais,21 a 30 anos,Feminino,Sim,4,4,3,4,4,3,2,2,2,1,1,2,1,4,4,4,4,4,4,2,4,4,3,1,2,2,5,5,5,5,5,5,4,4,3,3
2/29/2016 10:02:14,Piauí,21 a 30 anos,Masculino,Não,5,5,4,3,1,3,3,1,1,3,3,5,3,3,4,1,3,3,3,1,3,4,1,1,2,2,5,5,3,3,5,5,3,3,3,3
2/29/2016 10:05:43,Ceará,a partir de 51 anos,Masculino,Não,5,3,3,2,1,3,4,3,2,1,1,1,1,2,2,1,3,1,1,1,1,1,1,1,1,1,3,3,1,1,3,3,3,3,1,1
2/29/2016 10:08:35,Minas Gerais,21 a 30 anos,Masculino,Não,5,5,3,2,1,5,2,1,1,1,1,4,4,2,2,3,3,1,2,1,2,3,3,1,1,2,2,3,1,3,4,4,4,4,3,3
2/29/2016 10:27:43,Ceará,31 a 40 anos,Feminino,Sim,5,3,5,5,4,4,4,1,2,1,1,2,1,5,5,4,5,5,4,1,4,5,4,2,1,1,3,3,3,3,3,3,4,4,3,2
2/29/2016 10:32:53,Ceará,21 a 30 anos,Feminino,Não,5,5,3,3,1,1,1,1,1,2,5,5,3,4,4,4,3,4,3,1,2,3,3,1,2,2,5,5,2,2,4,2,4,4,2,2
2/29/2016 11:08:49,Ceará,21 a 30 anos,Masculino,Sim,5,5,5,2,1,4,1,1,1,2,2,2,3,4,4,4,5,3,1,1,2,3,1,1,1,1,5,5,2,2,5,5,2,2,2,3
2/29/2016 11:14:54,Ceará,21 a 30 anos,Feminino,Não,5,3,5,4,4,4,2,3,2,1,5,5,4,3,3,2,4,5,4,1,4,5,3,3,4,4,5,5,1,4,1,4,1,3,3,5
2/29/2016 11:37:16,Ceará,31 a 40 anos,Feminino,Não,5,2,4,3,2,3,2,2,2,1,1,2,1,4,4,2,3,3,2,1,2,1,1,1,1,1,2,2,2,2,2,2,2,2,2,2
2/29/2016 11:39:37,Ceará,até 20 anos,Masculino,Sim,5,3,3,3,2,3,4,1,2,1,5,5,4,4,4,2,3,5,4,1,3,3,2,1,4,4,3,4,2,2,2,2,1,2,3,5
2/29/2016 11:43:30,São Paulo,21 a 30 anos,Masculino,Sim,5,3,5,3,3,2,3,2,1,1,1,1,1,5,5,3,3,1,3,1,3,3,1,1,1,1,1,1,1,1,1,1,3,3,1,1
2/29/2016 11:52:41,Pernambuco,41 a 50 anos,Masculino,Sim,5,5,5,5,5,3,1,1,1,1,1,1,5,5,5,5,3,3,3,1,3,3,2,1,1,1,1,1,3,4,3,3,4,4,3,3
2/29/2016 12:09:27,Ceará,31 a 40 anos,Feminino,Não,5,5,5,5,1,3,1,3,3,1,1,1,1,5,5,5,5,5,2,1,2,5,5,1,1,1,4,4,1,1,4,4,5,5,1,1
2/29/2016 12:36:15,Ceará,31 a 40 anos,Masculino,Sim,5,5,3,1,1,3,1,2,3,1,2,2,1,1,1,1,3,1,1,1,1,1,1,1,1,1,1,1,1,1,1,1,1,1,1,1
2/29/2016 12:39:05,Ceará,31 a 40 anos,Masculino,Sim,5,5,3,3,3,5,3,3,1,1,1,1,1,1,3,3,3,3,1,1,3,2,2,1,2,1,4,4,1,1,1,1,1,1,1,1
2/29/2016 13:42:01,Minas Gerais,21 a 30 anos,Masculino,Sim,5,5,5,5,4,3,2,3,2,3,4,4,5,5,5,2,4,5,5,3,4,5,2,1,4,5,5,4,3,2,5,4,3,2,5,4
2/29/2016 14:26:31,Minas Gerais,21 a 30 anos,Masculino,Sim,5,3,5,5,5,5,3,3,2,3,5,5,5,5,5,1,3,3,4,2,4,2,5,2,5,5,3,3,1,2,1,1,1,3,5,4
2/29/2016 14:36:35,Ceará,41 a 50 anos,Feminino,Não,5,5,5,3,3,5,3,3,3,3,3,3,3,3,3,3,4,1,1,1,1,3,1,3,3,1,5,5,1,1,4,4,4,4,1,1
2/29/2016 14:37:29,Ceará,31 a 40 anos,Feminino,Não,5,5,5,4,2,5,2,3,3,5,5,5,5,3,4,5,5,5,3,1,5,4,4,3,4,4,5,5,1,1,5,5,4,5,4,5
2/29/2016 14:42:45,Ceará,41 a 50 anos,Feminino,Sim,3,2,2,1,1,3,1,1,2,5,5,5,2,2,1,2,3,2,1,1,2,2,1,3,3,3,5,5,3,2,2,3,3,3,2,3
2/29/2016 14:46:47,Ceará,21 a 30 anos,Feminino,Sim,5,2,2,1,1,3,3,2,4,2,4,4,3,2,3,3,3,3,2,1,1,3,3,2,1,2,3,4,3,3,2,2,2,2,3,3
2/29/2016 15:07:53,Piauí,31 a 40 anos,Feminino,Não,5,5,2,2,2,3,1,2,1,1,1,3,1,2,2,2,2,2,2,1,3,2,2,1,1,1,3,3,2,2,1,1,3,3,1,1
2/29/2016 15:18:20,Piauí,21 a 30 anos,Masculino,Não,5,3,4,2,1,2,1,1,1,2,2,2,2,3,3,3,3,3,2,1,1,3,2,2,2,3,2,3,1,4,3,4,3,4,2,2
2/29/2016 15:18:34,Pernambuco,41 a 50 anos,Feminino,Não,5,5,2,1,1,5,3,3,3,4,4,3,2,4,2,3,4,5,4,1,4,4,4,4,3,3,5,5,3,4,2,2,4,4,4,5
2/29/2016 15:23:03,Ceará,21 a 30 anos,Feminino,Sim,5,3,3,2,1,3,1,1,2,2,1,5,3,3,3,3,3,2,1,1,2,1,2,1,1,2,3,3,1,1,3,3,3,3,2,2
2/29/2016 15:37:42,Ceará,a partir de 51 anos,Feminino,Não,5,3,5,5,5,5,5,5,3,3,3,4,3,5,5,5,5,3,3,1,3,3,3,1,3,1,3,3,3,3,3,3,3,3,3,3
2/29/2016 15:58:37,Ceará,41 a 50 anos,Feminino,Não,5,1,4,2,1,5,2,1,5,5,3,5,4,4,3,5,5,3,1,1,1,5,4,1,5,1,4,3,1,3,1,3,1,3,1,1
2/29/2016 16:02:14,Ceará,a partir de 51 anos,Feminino,Não,5,2,3,1,1,2,2,2,1,2,3,3,3,3,2,3,4,4,2,1,2,3,2,1,3,2,1,1,1,1,1,3,3,4,1,1
2/29/2016 17:05:14,São Paulo,21 a 30 anos,Masculino,Sim,5,5,2,2,2,5,3,2,2,3,3,4,2,3,3,3,4,2,3,1,1,2,2,1,1,1,5,5,3,4,4,4,4,4,3,4
2/29/2016 17:24:21,São Paulo,21 a 30 anos,Feminino,Não,5,5,5,5,5,4,4,1,1,3,3,3,4,5,5,5,3,5,5,1,4,5,4,1,1,2,4,4,5,5,4,2,5,5,3,3
2/29/2016 17:28:41,São Paulo,21 a 30 anos,Masculino,Não,5,5,3,3,2,2,2,1,1,2,3,3,2,2,3,3,2,3,3,1,1,3,1,1,1,1,2,2,3,3,3,3,3,3,3,3
2/29/2016 17:43:49,São Paulo,21 a 30 anos,Feminino,Sim,5,4,4,3,3,4,2,2,2,2,2,4,4,4,4,4,5,3,2,1,2,3,3,1,3,1,5,5,4,4,1,1,4,4,1,1
2/29/2016 17:49:26,São Paulo,21 a 30 anos,Feminino,Não,5,5,5,4,5,2,2,1,1,1,3,5,5,4,4,2,2,5,5,1,4,4,4,1,4,4,4,4,4,4,3,4,5,5,5,5
2/29/2016 17:49:46,Ceará,41 a 50 anos,Feminino,Não,5,3,3,2,1,3,3,2,2,3,3,4,3,3,3,3,3,1,1,1,1,3,1,2,2,2,5,5,3,3,1,3,5,5,3,3
2/29/2016 19:23:43,Minas Gerais,até 20 anos,Feminino,Sim,4,3,5,4,4,3,4,2,2,3,3,5,4,4,4,5,4,4,4,2,3,3,5,2,3,4,3,3,2,2,3,3,4,4,4,4
2/29/2016 19:36:33,Rio Grande do Sul,até 20 anos,Feminino,Sim,5,1,2,1,2,5,5,3,2,1,2,3,2,4,5,3,2,5,3,1,2,4,2,1,1,1,4,5,1,1,2,2,2,2,2,2
2/29/2016 19:36:51,Distrito Federal,41 a 50 anos,Feminino,Não,5,2,3,1,5,3,3,2,2,3,3,4,4,4,3,4,4,4,4,5,5,3,2,3,4,3,4,5,3,5,2,5,2,5,2,4
2/29/2016 19:44:00,Goiás,41 a 50 anos,Feminino,Sim,5,5,3,1,1,2,3,2,2,4,2,4,4,3,3,5,5,2,2,1,3,4,1,2,1,3,4,5,5,5,5,5,3,5,4,3
2/29/2016 20:04:09,Distrito Federal,31 a 40 anos,Feminino,Sim,5,3,5,5,3,3,2,2,1,1,1,1,1,3,3,3,2,2,3,1,2,3,1,1,1,1,3,3,3,1,3,3,1,2,1,3
2/29/2016 20:08:21,São Paulo,31 a 40 anos,Feminino,Sim,5,5,5,4,2,2,2,2,2,5,5,5,1,5,5,4,5,3,3,3,3,4,2,2,3,2,4,5,3,3,4,4,2,2,3,3
2/29/2016 20:10:13,Ceará,a partir de 51 anos,Feminino,Não,4,1,5,5,5,5,5,1,1,5,5,5,5,3,5,5,4,5,3,1,2,1,1,1,3,2,3,5,2,2,3,5,5,5,2,3
2/29/2016 20:20:40,Santa Catarina,31 a 40 anos,Feminino,Não,5,5,3,1,1,3,3,1,3,3,3,3,3,2,2,3,4,3,3,1,1,1,1,3,1,1,1,3,3,3,2,2,2,2,3,3
2/29/2016 20:21:55,Distrito Federal,21 a 30 anos,Masculino,Não,5,5,4,2,1,4,3,3,2,4,5,4,3,4,4,4,2,4,3,1,1,3,3,1,4,1,5,5,1,1,1,1,1,3,1,2
2/29/2016 20:26:30,Ceará,31 a 40 anos,Masculino,Sim,5,5,4,4,4,3,3,2,2,2,2,2,2,3,3,3,3,3,3,3,3,3,3,3,3,3,3,3,3,3,3,3,3,3,3,3
2/29/2016 20:46:51,Distrito Federal,31 a 40 anos,Feminino,Não,5,1,3,3,1,3,3,3,2,3,3,1,3,2,2,2,3,5,5,1,2,2,2,1,1,1,1,1,1,1,1,1,1,1,1,4
2/29/2016 20:54:03,Ceará,21 a 30 anos,Feminino,Sim,5,4,3,2,1,4,3,2,1,1,1,1,1,2,4,3,4,3,1,1,2,1,1,1,1,1,5,5,4,4,5,5,4,4,3,4
2/29/2016 21:09:02,Minas Gerais,41 a 50 anos,Masculino,Sim,5,4,5,3,3,1,1,1,1,1,1,5,3,3,3,3,3,2,3,2,3,5,3,3,2,3,2,2,3,5,5,5,3,5,5,3
2/29/2016 21:17:28,Ceará,41 a 50 anos,Feminino,Não,5,3,5,4,5,5,3,3,3,4,4,5,4,3,3,4,3,3,3,3,3,3,2,5,4,4,3,5,1,5,2,5,2,5,2,5
2/29/2016 21:44:17,Goiás,21 a 30 anos,Feminino,Não,5,3,5,5,5,2,1,2,2,1,5,5,3,4,4,2,2,5,5,1,3,5,2,1,4,3,5,5,5,5,5,5,5,5,5,4
2/29/2016 22:10:07,Ceará,31 a 40 anos,Feminino,Não,5,5,4,3,3,3,3,2,2,1,1,2,1,3,3,3,1,4,5,2,4,3,1,1,1,1,3,3,2,2,3,3,2,2,2,2
2/29/2016 22:30:11,Ceará,31 a 40 anos,Masculino,Não,5,5,5,5,3,5,3,2,3,2,2,2,2,5,5,3,5,5,3,1,3,2,2,1,1,1,2,4,3,3,3,3,3,3,1,3
2/29/2016 22:32:16,Distrito Federal,31 a 40 anos,Masculino,Não,5,4,4,4,1,1,1,2,1,3,3,4,2,2,3,5,5,1,1,1,2,3,1,1,3,1,4,5,1,1,1,1,1,3,1,4
2/29/2016 23:02:07,Minas Gerais,21 a 30 anos,Masculino,Sim,5,5,5,5,5,4,3,2,2,1,4,4,5,5,5,5,5,5,5,5,5,5,4,5,5,5,5,5,5,5,5,5,5,5,5,5
2/29/2016 23:18:11,São Paulo,21 a 30 anos,Masculino,Sim,5,5,4,2,1,5,2,3,1,4,4,2,1,4,4,4,4,4,4,3,3,4,2,1,1,2,4,2,3,1,4,1,1,1,4,1
3/1/2016 0:13:45,São Paulo,31 a 40 anos,Masculino,Não,5,4,5,5,5,1,1,1,1,3,3,3,3,5,5,5,3,5,5,1,4,5,4,1,1,1,3,3,5,3,3,5,3,3,2,5
3/1/2016 0:24:19,Distrito Federal,31 a 40 anos,Feminino,Sim,5,3,2,1,1,3,2,1,2,1,1,2,1,3,4,3,3,3,1,1,1,1,2,1,1,1,3,4,1,3,3,3,4,3,1,1
3/1/2016 1:41:30,Ceará,41 a 50 anos,Feminino,Sim,5,5,4,4,1,2,1,1,1,3,2,5,3,4,4,4,4,1,1,1,1,4,4,1,1,1,1,1,1,1,4,4,5,5,3,3
3/1/2016 2:43:36,Distrito Federal,21 a 30 anos,Masculino,Sim,5,5,3,3,2,4,3,2,2,3,3,3,1,3,4,3,3,3,1,1,2,3,1,1,1,2,3,2,1,1,3,2,1,1,3,1
3/1/2016 3:32:55,Rio Grande do Sul,a partir de 51 anos,Feminino,Não,4,2,1,1,1,2,1,2,1,1,1,2,2,1,1,1,5,2,1,1,1,2,2,1,1,1,3,3,1,1,3,5,5,5,1,1
3/1/2016 5:08:14,Ceará,31 a 40 anos,Feminino,Não,3,2,5,5,3,1,1,1,1,3,2,4,2,5,5,5,5,4,5,1,3,4,4,3,3,2,5,5,1,1,5,5,1,3,1,5
3/1/2016 5:28:15,Paraná,21 a 30 anos,Feminino,Sim,5,4,5,5,4,3,3,3,2,4,4,5,5,5,5,5,5,5,4,1,3,4,2,1,3,2,5,5,3,5,5,5,4,5,3,5
3/1/2016 5:29:58,São Paulo,31 a 40 anos,Masculino,Sim,5,5,4,3,1,2,1,1,1,1,1,1,1,3,3,4,4,2,1,1,2,3,3,1,1,1,1,2,2,3,1,2,1,1,1,1
3/1/2016 6:13:58,São Paulo,31 a 40 anos,Masculino,Não,5,5,5,3,4,4,2,2,2,4,5,5,5,5,5,5,5,5,5,1,5,5,4,1,3,5,5,5,4,4,5,5,4,4,5,2
3/1/2016 6:21:44,Ceará,31 a 40 anos,Feminino,Sim,5,5,5,5,5,3,3,3,3,1,3,5,5,5,5,1,1,5,5,2,5,5,2,5,5,5,5,5,1,5,5,5,5,5,5,5
3/1/2016 6:38:51,Distrito Federal,31 a 40 anos,Masculino,Não,5,5,3,4,1,1,1,1,1,1,1,1,1,1,1,1,2,1,1,1,1,2,1,1,1,1,1,1,1,1,1,1,1,1,1,1
3/1/2016 6:45:30,São Paulo,21 a 30 anos,Masculino,Não,5,5,4,4,4,4,4,3,3,3,3,4,4,3,3,4,4,4,4,2,4,4,3,2,2,2,4,5,2,2,5,5,4,4,3,3
3/1/2016 6:58:03,Ceará,41 a 50 anos,Feminino,Não,5,3,5,3,3,3,3,2,2,1,1,1,1,5,5,3,3,3,3,3,3,3,3,3,1,1,5,5,5,5,3,3,3,3,3,3
3/1/2016 7:10:10,São Paulo,31 a 40 anos,Feminino,Não,5,5,3,3,3,5,2,3,3,5,5,5,3,3,5,3,5,4,4,1,2,5,3,2,4,3,5,5,3,3,3,4,2,2,5,5
3/1/2016 7:19:54,Ceará,31 a 40 anos,Feminino,Não,5,3,3,3,1,1,1,1,1,3,3,5,5,5,5,5,5,5,4,1,3,3,3,5,5,5,5,5,3,3,5,5,3,3,5,1
3/1/2016 7:38:46,Bahia,21 a 30 anos,Masculino,Sim,5,3,4,2,2,3,2,1,1,2,3,5,1,3,4,4,2,4,2,1,2,4,1,1,1,2,4,1,2,4,1,3,1,1,3,2
3/1/2016 7:45:30,Ceará,21 a 30 anos,Feminino,Sim,2,2,2,5,2,3,1,2,2,4,4,5,4,2,2,2,2,3,3,2,2,5,4,3,4,1,5,5,2,2,5,5,3,3,1,1
3/1/2016 8:00:30,Ceará,41 a 50 anos,Feminino,Sim,4,3,2,1,1,4,3,3,3,1,1,1,1,1,1,3,3,1,1,1,1,1,1,1,1,1,3,5,1,2,1,3,3,5,1,1
3/1/2016 8:02:27,Ceará,21 a 30 anos,Feminino,Sim,5,4,1,1,1,4,2,1,2,1,1,2,1,2,2,1,3,3,2,1,1,1,1,1,1,1,2,3,1,2,1,2,2,3,1,1
3/1/2016 8:04:50,Minas Gerais,até 20 anos,Feminino,Não,2,3,4,2,2,4,5,2,2,1,1,1,3,1,2,5,5,3,1,1,2,2,1,1,1,1,3,5,1,3,4,4,1,4,1,3
3/1/2016 8:05:34,Ceará,a partir de 51 anos,Feminino,Não,5,3,4,4,1,5,3,3,3,2,2,3,3,3,2,3,4,3,2,2,2,2,3,3,3,2,2,2,2,2,4,4,3,3,4,3
3/1/2016 8:14:17,Ceará,21 a 30 anos,Feminino,Sim,5,2,4,4,4,1,1,1,1,2,3,4,4,5,5,5,4,3,3,4,3,4,4,1,1,2,4,4,2,2,3,3,2,2,3,3
3/1/2016 8:16:01,Ceará,41 a 50 anos,Feminino,Não,5,2,2,1,1,5,2,1,3,2,2,2,2,1,2,3,3,2,1,1,1,2,1,1,1,1,3,3,1,1,1,3,3,4,1,3
3/1/2016 8:17:21,Distrito Federal,a partir de 51 anos,Feminino,Não,5,5,4,3,4,4,5,4,1,1,2,1,1,4,4,1,2,5,5,1,5,3,1,1,1,1,1,2,1,1,1,1,3,3,3,4
3/1/2016 8:24:44,Ceará,41 a 50 anos,Feminino,Não,4,3,5,1,1,5,5,3,2,2,4,5,5,1,4,4,5,4,4,1,3,3,2,1,2,1,4,5,2,5,1,5,5,5,1,5
3/1/2016 8:25:50,Ceará,21 a 30 anos,Feminino,Não,5,5,1,1,1,4,3,1,2,1,1,1,1,1,2,2,2,1,1,1,1,2,1,1,1,1,2,3,2,2,1,2,1,1,1,1
3/1/2016 8:27:13,Ceará,até 20 anos,Masculino,Sim,4,4,3,3,2,4,4,2,3,2,3,3,2,5,5,5,4,5,4,1,3,3,3,1,1,1,2,4,2,2,3,3,2,2,2,2
3/1/2016 8:28:03,Ceará,a partir de 51 anos,Feminino,Não,5,5,2,1,1,5,3,3,2,1,1,2,1,1,2,1,2,1,1,1,2,2,1,1,1,1,1,1,1,1,1,1,2,2,1,1
3/1/2016 8:36:55,Ceará,31 a 40 anos,Feminino,Sim,5,4,4,4,4,2,2,2,3,3,4,4,4,4,4,4,5,4,3,3,4,5,3,1,3,1,4,4,4,4,5,5,5,5,3,3
3/1/2016 8:41:41,Ceará,até 20 anos,Masculino,Sim,5,3,5,5,3,2,2,2,1,3,2,3,1,4,4,4,4,4,4,1,3,3,4,1,1,2,4,4,3,4,3,5,3,5,3,3
3/1/2016 8:45:01,Ceará,até 20 anos,Feminino,Sim,5,2,1,1,1,4,5,3,4,1,1,1,1,2,3,3,3,3,1,1,3,3,3,1,2,1,3,3,3,3,3,2,3,5,1,1
3/1/2016 8:45:35,Ceará,21 a 30 anos,Feminino,Sim,5,5,3,4,1,2,2,2,2,3,3,4,3,5,4,5,5,3,2,1,2,4,3,1,3,2,4,4,2,2,4,4,4,4,3,3
3/1/2016 8:48:00,Ceará,até 20 anos,Feminino,Sim,4,3,4,3,3,4,4,3,2,2,2,4,3,3,2,3,3,3,2,1,2,2,1,1,1,1,1,5,3,5,1,5,2,5,1,5
3/1/2016 9:02:56,Ceará,31 a 40 anos,Feminino,Não,5,5,5,5,3,2,2,2,1,1,3,3,4,5,5,5,5,4,3,1,3,4,1,1,3,1,4,4,2,4,4,4,2,3,1,4
3/1/2016 9:15:11,Ceará,até 20 anos,Masculino,Sim,2,1,2,1,1,3,2,1,2,2,2,4,1,1,3,3,3,1,1,1,1,2,1,1,1,1,1,2,1,2,1,2,2,4,1,4
3/1/2016 9:22:37,Ceará,31 a 40 anos,Feminino,Não,5,3,3,2,1,3,2,2,2,1,1,1,1,1,2,2,5,2,2,1,1,4,3,1,1,1,5,5,1,1,5,5,4,5,1,1
3/1/2016 9:26:59,Distrito Federal,31 a 40 anos,Masculino,Sim,5,4,5,1,1,2,2,2,2,4,4,3,2,3,5,3,5,4,1,1,2,3,1,2,3,3,4,4,2,1,4,4,3,3,4,4
3/1/2016 9:33:21,Ceará,41 a 50 anos,Feminino,Não,5,5,4,1,1,5,1,1,2,1,1,1,1,1,5,5,5,1,1,1,1,1,1,1,1,1,1,1,1,1,1,1,1,1,1,1
3/1/2016 9:36:13,Ceará,21 a 30 anos,Masculino,Sim,5,1,5,3,3,2,2,1,1,2,3,4,2,1,4,3,3,2,3,2,5,3,4,1,2,3,2,5,1,1,5,5,1,1,5,5
3/1/2016 9:42:23,Ceará,até 20 anos,Masculino,Sim,5,2,5,2,2,4,3,2,1,5,5,5,5,4,4,4,4,3,2,1,2,2,2,3,3,4,4,4,1,1,4,4,1,1,4,5
3/1/2016 9:42:57,Ceará,41 a 50 anos,Feminino,Sim,4,3,4,1,1,3,2,2,1,2,1,2,2,2,2,3,4,4,4,1,3,4,4,2,2,3,3,4,4,2,3,3,2,2,3,4
3/1/2016 9:48:11,Distrito Federal,31 a 40 anos,Feminino,Não,3,5,4,3,2,3,1,1,1,1,1,1,1,3,3,3,3,2,2,1,2,2,2,1,1,1,2,2,2,2,2,3,3,3,3,1
3/1/2016 9:52:03,Ceará,21 a 30 anos,Masculino,Sim,5,3,1,1,1,3,1,1,1,1,1,1,1,1,1,1,1,1,1,1,1,1,1,1,1,1,1,1,1,3,1,1,1,3,1,1
3/1/2016 9:54:41,Ceará,21 a 30 anos,Masculino,Sim,5,5,4,3,1,2,3,2,1,2,3,4,2,3,2,2,3,2,1,1,1,3,1,1,2,1,3,2,2,4,1,3,2,4,1,3
3/1/2016 9:56:37,Ceará,21 a 30 anos,Masculino,Sim,5,5,3,1,1,3,1,2,1,1,1,1,1,2,3,3,3,1,1,1,1,2,1,1,1,1,2,2,1,1,1,1,3,3,1,1
3/1/2016 9:56:40,Bahia,21 a 30 anos,Masculino,Sim,5,3,4,3,1,2,1,2,1,3,2,5,3,3,5,4,3,2,1,1,2,4,3,1,1,2,3,1,2,1,4,5,3,5,3,2
3/1/2016 9:57:58,Ceará,21 a 30 anos,Masculino,Sim,5,5,4,4,3,5,3,3,2,2,4,5,1,4,4,4,4,4,3,1,2,4,1,1,3,2,5,5,3,3,5,5,3,4,2,2
3/1/2016 9:58:04,Mato Grosso do Sul,21 a 30 anos,Masculino,Não,5,5,3,3,4,3,4,2,3,4,5,5,5,4,4,2,4,5,4,1,4,4,2,4,4,5,5,5,3,4,5,5,2,3,4,5
3/1/2016 10:01:09,São Paulo,21 a 30 anos,Masculino,Não,5,5,3,3,1,2,3,2,1,2,3,3,1,2,3,3,2,2,1,1,1,3,1,1,1,1,4,4,3,2,3,3,3,3,1,2
3/1/2016 10:01:14,Ceará,21 a 30 anos,Masculino,Sim,5,5,5,5,1,5,1,3,2,4,2,5,4,4,4,4,4,3,1,1,2,4,2,2,3,3,4,4,4,4,4,4,3,3,5,4
3/1/2016 10:02:20,Ceará,21 a 30 anos,Masculino,Sim,5,5,4,1,1,3,2,1,1,1,3,4,1,3,4,1,4,2,2,1,1,2,1,1,1,1,3,3,1,2,2,2,3,3,3,1
3/1/2016 10:02:25,Minas Gerais,até 20 anos,Masculino,Sim,5,3,5,4,4,2,3,3,2,1,1,1,2,2,4,3,3,2,2,1,1,2,1,1,1,1,1,4,1,4,1,4,1,3,1,4
3/1/2016 10:02:27,Ceará,21 a 30 anos,Masculino,Sim,5,2,3,1,1,2,3,1,1,1,1,1,1,2,3,2,3,1,1,1,1,1,1,1,1,1,1,2,1,1,1,2,1,2,1,1
3/1/2016 10:03:37,Ceará,31 a 40 anos,Feminino,Sim,5,3,4,3,3,3,2,1,1,4,1,5,3,4,4,4,4,2,3,1,2,3,2,2,2,2,4,4,4,4,3,3,3,3,3,3
3/1/2016 10:06:26,Ceará,21 a 30 anos,Masculino,Sim,5,3,5,4,4,3,3,2,2,1,3,4,5,4,4,4,3,4,4,1,4,4,4,1,1,2,5,5,3,4,3,4,2,3,4,4
3/1/2016 10:07:14,Ceará,21 a 30 anos,Feminino,Sim,5,3,3,2,1,4,2,1,1,4,4,4,3,4,4,4,4,4,3,1,2,3,1,2,2,2,3,3,1,1,2,2,1,1,2,2
3/1/2016 10:08:21,Ceará,21 a 30 anos,Feminino,Sim,5,5,3,2,2,5,3,3,3,1,1,1,1,2,4,3,3,4,1,1,1,1,1,1,1,1,5,5,2,2,5,5,5,5,1,1
3/1/2016 10:09:03,Ceará,até 20 anos,Feminino,Sim,5,5,4,3,3,2,2,2,2,4,5,5,3,4,5,3,5,3,3,1,3,5,3,1,4,2,4,4,1,1,3,2,2,1,4,1
3/1/2016 10:09:20,Ceará,até 20 anos,Feminino,Sim,5,2,5,5,5,4,3,3,3,3,4,5,5,4,4,4,2,4,4,1,5,5,3,5,5,5,5,5,5,5,4,5,4,5,4,5
3/1/2016 10:12:11,Ceará,até 20 anos,Masculino,Sim,4,4,3,3,3,2,1,3,1,2,3,4,4,2,3,3,3,2,2,1,2,3,2,1,2,3,3,3,2,2,3,3,3,3,3,3
3/1/2016 10:12:22,Ceará,21 a 30 anos,Masculino,Sim,5,5,1,1,1,2,2,2,3,2,2,2,2,1,1,1,1,1,1,1,1,1,2,1,1,1,2,3,1,1,2,2,1,1,1,2
3/1/2016 10:14:51,Ceará,21 a 30 anos,Masculino,Sim,5,3,5,3,4,4,2,2,2,2,4,4,3,5,5,2,3,4,4,1,4,2,2,1,3,3,3,2,1,2,3,4,1,2,2,3
3/1/2016 10:14:56,Ceará,até 20 anos,Masculino,Sim,3,3,4,4,2,5,3,2,3,1,1,1,1,2,3,3,4,3,2,1,1,2,2,3,1,1,1,4,1,1,1,1,1,3,1,1
3/1/2016 10:15:02,Distrito Federal,21 a 30 anos,Feminino,Sim,5,3,2,1,2,4,3,3,2,3,4,4,2,3,4,2,2,5,1,1,2,4,1,1,1,1,4,5,1,1,1,2,1,1,2,5
3/1/2016 10:15:42,Pernambuco,21 a 30 anos,Feminino,Sim,5,5,3,1,1,3,2,3,2,1,1,3,3,3,3,1,3,2,1,2,2,3,1,1,2,1,3,3,2,2,3,3,3,3,1,1
3/1/2016 10:15:56,Ceará,31 a 40 anos,Feminino,Não,5,5,5,5,4,5,4,3,2,1,2,5,3,5,5,1,3,5,5,2,5,5,4,2,4,2,5,5,2,5,5,5,5,5,5,5
3/1/2016 10:18:22,Ceará,21 a 30 anos,Feminino,Sim,5,4,5,5,5,4,3,2,2,1,3,5,5,4,5,4,4,4,4,2,4,4,3,3,3,4,5,5,3,3,4,4,5,5,4,4
3/1/2016 10:21:21,Distrito Federal,21 a 30 anos,Feminino,Sim,5,4,1,1,1,4,3,2,2,1,4,4,1,4,4,1,1,4,3,1,2,3,2,2,2,2,4,3,2,2,2,1,2,2,4,2
3/1/2016 10:22:47,Distrito Federal,21 a 30 anos,Feminino,Sim,5,4,3,2,3,3,2,3,2,4,3,4,2,1,3,3,3,5,3,1,1,4,1,1,2,1,3,4,2,3,2,2,3,3,3,3
3/1/2016 10:23:44,Distrito Federal,até 20 anos,Feminino,Sim,4,3,4,3,3,1,3,3,3,4,3,4,2,3,4,2,3,3,3,1,2,3,1,1,2,1,4,5,1,2,3,4,2,4,3,4
3/1/2016 10:23:51,Distrito Federal,até 20 anos,Feminino,Sim,5,3,4,5,3,4,2,3,3,4,3,5,4,1,5,4,5,5,1,1,1,5,3,1,4,4,5,4,4,4,5,5,3,3,5,4
3/1/2016 10:24:14,Ceará,21 a 30 anos,Feminino,Sim,5,3,4,3,3,3,4,3,2,3,4,5,3,3,3,2,2,2,3,3,4,4,4,3,4,4,5,5,4,3,5,5,5,4,3,3
3/1/2016 10:24:21,Distrito Federal,21 a 30 anos,Masculino,Sim,5,3,2,1,1,4,2,1,1,5,5,5,3,3,4,2,5,4,3,1,3,2,3,4,2,5,5,2,1,1,5,3,5,4,5,5
3/1/2016 10:26:04,Distrito Federal,21 a 30 anos,Feminino,Não,5,5,3,3,2,4,2,3,3,3,3,2,1,1,2,3,4,2,1,1,2,3,2,1,1,1,5,5,2,2,3,3,1,1,2,2
3/1/2016 10:26:09,Distrito Federal,até 20 anos,Feminino,Sim,5,5,4,4,3,3,2,3,1,1,2,4,4,4,4,4,4,3,3,3,2,4,4,4,3,4,2,2,2,2,3,3,4,4,4,4
3/1/2016 10:26:28,Minas Gerais,21 a 30 anos,Masculino,Sim,3,3,5,4,4,4,2,2,5,1,5,5,3,4,5,2,4,5,5,2,5,5,5,4,5,5,5,4,2,5,2,2,2,4,5,4
3/1/2016 10:26:32,Distrito Federal,até 20 anos,Masculino,Sim,5,5,5,5,5,5,2,3,1,1,5,3,4,5,5,4,3,4,3,1,3,4,4,1,3,4,4,4,1,1,3,5,1,3,4,5
3/1/2016 10:26:37,Espírito Santo,até 20 anos,Feminino,Sim,5,5,5,5,1,4,1,1,1,2,2,5,5,4,4,4,4,3,1,1,1,5,3,1,1,3,1,3,1,3,3,3,5,5,3,4
3/1/2016 10:27:58,Ceará,21 a 30 anos,Masculino,Sim,5,3,5,3,1,1,1,1,1,1,1,1,1,3,4,1,1,2,2,1,1,4,2,1,1,1,2,1,1,1,5,5,3,3,1,1
3/1/2016 10:28:20,Ceará,41 a 50 anos,Feminino,Não,5,5,2,2,2,5,5,4,3,3,5,4,4,4,3,3,3,3,2,3,2,3,2,1,2,2,2,2,2,2,2,4,4,4,3,3
3/1/2016 10:28:39,Pará,21 a 30 anos,Masculino,Sim,5,4,4,3,3,3,3,2,1,2,1,3,1,4,4,4,4,3,3,1,3,3,2,1,3,1,3,3,3,3,3,3,3,3,2,2
3/1/2016 10:29:44,Distrito Federal,21 a 30 anos,Masculino,Sim,2,2,3,2,1,4,4,3,1,2,2,3,1,1,4,3,5,2,1,1,1,1,1,1,1,2,1,1,1,1,1,1,1,1,1,1
3/1/2016 10:30:29,Ceará,21 a 30 anos,Masculino,Sim,5,2,4,3,1,2,2,2,1,2,2,2,2,2,2,2,2,2,2,2,1,3,2,2,2,3,2,2,2,2,2,2,2,2,2,2
3/1/2016 10:30:31,Acre,até 20 anos,Masculino,Sim,5,5,1,1,1,2,1,2,1,1,1,1,1,1,1,1,1,1,1,1,1,1,1,1,1,1,1,1,1,1,1,2,1,1,1,1
3/1/2016 10:32:06,Ceará,21 a 30 anos,Feminino,Sim,5,5,3,2,1,4,2,3,2,3,4,4,3,4,5,4,5,2,4,3,1,4,4,1,1,1,2,3,1,3,1,1,1,1,1,4
3/1/2016 10:35:21,Ceará,até 20 anos,Feminino,Sim,5,3,4,4,5,5,3,4,2,2,2,2,2,3,5,1,4,5,4,1,4,5,5,1,3,2,3,4,2,4,1,2,2,3,2,4
3/1/2016 10:36:32,Distrito Federal,21 a 30 anos,Feminino,Sim,3,5,3,2,2,2,2,1,1,1,1,5,4,3,3,2,3,2,2,1,1,3,1,3,2,4,4,4,1,1,2,2,4,4,3,3
3/1/2016 10:36:46,Ceará,a partir de 51 anos,Feminino,Não,2,2,2,1,1,5,4,1,3,2,2,4,4,1,2,2,1,2,1,1,1,1,2,1,1,1,1,1,1,1,1,1,1,1,1,1
3/1/2016 10:36:55,Distrito Federal,21 a 30 anos,Feminino,Sim,5,5,3,1,1,5,3,3,3,1,1,1,1,2,2,2,2,2,2,2,2,1,1,1,1,1,5,5,2,2,5,5,3,3,1,1
3/1/2016 10:37:25,Ceará,21 a 30 anos,Masculino,Sim,5,5,5,5,4,3,4,2,1,3,1,4,4,4,5,5,4,4,2,1,3,5,3,3,2,1,4,5,3,3,4,5,2,4,2,3
3/1/2016 10:37:32,Ceará,21 a 30 anos,Masculino,Sim,4,3,5,5,3,3,2,3,1,3,3,3,3,3,3,4,2,3,3,3,3,4,2,3,2,3,4,5,2,2,5,5,3,5,4,4
3/1/2016 10:37:38,Distrito Federal,até 20 anos,Feminino,Sim,5,5,1,1,1,4,4,3,3,2,2,2,2,2,2,1,2,3,1,1,1,2,1,1,1,1,1,1,2,1,1,1,1,1,1,1
3/1/2016 10:38:49,Maranhão,até 20 anos,Feminino,Sim,5,5,3,2,1,5,5,3,3,3,4,3,3,2,2,1,4,2,2,1,1,3,2,2,2,1,2,2,1,1,4,4,3,3,3,2
3/1/2016 10:40:54,Ceará,21 a 30 anos,Masculino,Sim,4,1,5,4,4,4,5,2,2,2,4,2,4,4,4,4,2,5,5,1,5,5,3,1,2,4,3,3,2,2,3,3,2,2,4,4
3/1/2016 10:43:06,Distrito Federal,41 a 50 anos,Feminino,Não,5,5,4,2,2,2,2,2,2,3,3,5,5,4,4,4,4,2,2,2,2,4,3,2,2,3,3,3,2,2,4,4,4,4,4,4
3/1/2016 10:44:37,Distrito Federal,até 20 anos,Feminino,Sim,5,5,3,2,1,3,2,2,2,2,2,2,2,3,3,2,2,1,1,1,1,2,1,1,1,1,1,2,1,2,3,2,2,2,2,2
3/1/2016 10:44:57,Distrito Federal,21 a 30 anos,Feminino,Não,5,3,4,3,4,4,3,3,3,2,4,5,4,4,2,2,4,5,3,1,2,4,2,4,2,1,3,5,3,4,4,4,3,3,5,4
3/1/2016 10:45:14,Distrito Federal,21 a 30 anos,Feminino,Sim,5,5,3,3,3,4,4,3,2,1,2,2,2,2,3,2,2,4,4,1,3,4,2,1,1,2,2,1,2,1,2,1,3,2,2,1
3/1/2016 10:45:37,Distrito Federal,41 a 50 anos,Feminino,Não,5,5,5,2,1,3,2,1,2,2,1,1,1,4,4,5,4,1,1,1,1,3,4,1,1,1,2,2,2,2,2,2,3,3,1,1
3/1/2016 10:45:52,Distrito Federal,até 20 anos,Masculino,Sim,5,3,3,1,1,3,3,1,2,5,5,5,3,4,3,3,4,4,2,1,1,4,1,2,4,1,4,4,1,4,1,1,3,3,5,5
3/1/2016 10:47:27,Distrito Federal,21 a 30 anos,Masculino,Sim,5,3,3,1,1,5,2,1,1,2,4,5,2,4,4,4,2,3,1,1,1,4,1,1,1,3,5,5,1,1,4,5,1,1,5,2
3/1/2016 10:49:15,Ceará,a partir de 51 anos,Feminino,Não,5,3,2,2,2,4,3,4,3,5,5,5,2,3,4,2,2,4,4,1,4,2,1,3,4,3,3,3,3,4,2,2,2,2,3,3
3/1/2016 10:50:23,Goiás,21 a 30 anos,Feminino,Sim,5,4,5,5,4,5,3,3,2,3,4,4,5,4,4,3,3,5,5,1,4,3,2,3,4,3,4,5,2,5,2,5,2,5,3,5
3/1/2016 10:50:52,Distrito Federal,21 a 30 anos,Feminino,Sim,5,4,4,3,3,1,1,1,1,1,1,5,5,5,5,3,5,5,4,1,5,4,3,1,2,3,5,5,2,5,3,3,5,5,3,1
3/1/2016 10:54:19,Ceará,21 a 30 anos,Masculino,Sim,5,5,3,3,2,3,2,2,2,2,2,2,2,3,3,3,3,3,3,1,1,2,2,1,1,1,2,3,1,1,1,3,1,1,1,2
3/1/2016 10:55:47,Distrito Federal,até 20 anos,Feminino,Sim,4,2,4,3,2,1,2,3,2,3,3,4,2,4,4,4,4,4,2,1,2,3,3,1,2,1,3,4,2,3,3,4,3,3,2,2
3/1/2016 10:56:01,Distrito Federal,até 20 anos,Masculino,Sim,5,5,5,4,4,3,2,2,2,3,4,5,2,5,5,4,5,5,4,1,4,5,5,3,5,4,5,5,4,4,5,5,4,4,5,4
3/1/2016 10:56:41,Ceará,21 a 30 anos,Feminino,Não,5,5,2,2,1,4,2,4,2,1,1,1,1,3,3,3,3,3,2,1,1,2,2,1,2,1,4,4,1,1,4,4,1,1,1,1
3/1/2016 10:57:03,Ceará,21 a 30 anos,Feminino,Não,5,5,3,2,1,3,4,3,2,1,5,4,3,3,3,2,3,3,2,1,2,3,1,1,3,2,4,3,1,1,2,2,2,2,3,3
3/1/2016 10:58:26,Ceará,21 a 30 anos,Feminino,Não,5,5,2,1,1,5,5,4,1,1,5,5,4,3,3,2,3,5,2,1,2,2,2,1,4,3,3,3,2,2,2,2,2,2,5,2
3/1/2016 10:58:30,Distrito Federal,21 a 30 anos,Feminino,Sim,5,5,4,3,2,3,1,2,1,2,1,3,1,2,3,2,2,1,1,1,1,3,2,1,1,1,3,4,1,3,2,4,2,4,1,2
3/1/2016 10:59:10,Ceará,21 a 30 anos,Masculino,Sim,5,5,4,4,3,3,2,2,1,1,1,3,2,2,3,2,3,3,2,1,2,4,1,1,4,1,2,5,1,1,3,3,1,2,1,1
3/1/2016 10:59:38,Distrito Federal,até 20 anos,Feminino,Sim,5,4,3,2,2,3,2,2,3,2,3,3,1,1,1,1,1,2,1,1,1,1,1,1,1,1,2,3,1,1,1,2,1,1,1,1
3/1/2016 11:02:51,Ceará,21 a 30 anos,Masculino,Sim,4,3,3,3,2,2,3,2,2,3,3,3,2,2,3,2,3,2,3,1,2,2,2,1,2,1,3,3,2,3,2,3,2,3,2,2
3/1/2016 11:06:25,Distrito Federal,21 a 30 anos,Masculino,Sim,5,5,3,2,1,3,1,2,2,2,2,2,2,2,4,3,3,2,1,1,1,3,1,1,1,2,1,2,1,2,2,2,2,4,2,1
3/1/2016 11:07:07,Ceará,21 a 30 anos,Masculino,Sim,4,3,5,4,3,2,2,2,1,1,1,1,1,3,3,3,3,3,3,3,3,3,3,3,3,3,3,3,3,3,4,4,4,4,3,3
3/1/2016 11:07:13,Ceará,21 a 30 anos,Masculino,Sim,2,5,5,4,4,2,2,2,5,3,1,5,5,5,4,5,5,5,4,1,5,5,5,1,5,1,5,5,1,5,5,5,5,5,5,5
3/1/2016 11:09:41,Distrito Federal,21 a 30 anos,Masculino,Sim,5,5,3,1,1,2,1,2,1,2,2,3,2,3,2,2,3,2,2,1,1,4,1,1,1,1,3,3,2,4,2,2,2,4,2,2
3/1/2016 11:11:35,Ceará,21 a 30 anos,Masculino,Sim,5,5,3,3,2,2,1,1,1,5,5,4,3,4,3,2,3,2,2,1,2,2,2,2,2,3,1,2,2,2,2,2,2,2,2,2
3/1/2016 11:11:39,Distrito Federal,até 20 anos,Masculino,Sim,5,3,3,1,1,2,1,1,1,1,2,2,2,3,4,2,3,1,1,1,1,2,1,1,1,1,2,2,1,1,2,2,2,2,2,2
3/1/2016 11:12:15,Distrito Federal,31 a 40 anos,Masculino,Não,5,5,5,5,5,3,3,2,2,4,4,4,4,5,5,5,5,5,5,1,5,4,3,3,3,3,4,4,4,4,3,3,2,2,3,3
3/1/2016 11:12:51,Ceará,21 a 30 anos,Masculino,Não,5,5,5,5,5,3,1,2,1,1,1,1,3,5,5,5,5,3,3,1,4,5,5,1,1,2,1,4,3,3,3,3,3,3,1,3
3/1/2016 11:13:30,Pará,até 20 anos,Masculino,Sim,5,5,2,2,1,3,2,2,1,2,2,3,3,2,2,2,2,2,2,1,1,2,1,1,2,1,2,3,1,2,2,3,1,2,2,3
3/1/2016 11:14:47,Ceará,21 a 30 anos,Masculino,Sim,5,2,4,1,1,1,1,1,1,1,1,1,1,2,2,1,3,1,1,1,1,1,2,1,1,1,4,4,1,1,1,1,1,1,1,1
3/1/2016 11:16:07,Ceará,a partir de 51 anos,Feminino,Não,5,5,3,1,1,5,3,3,2,1,1,3,1,1,2,3,2,2,1,1,2,2,2,1,1,1,2,5,3,5,2,3,2,5,1,1
3/1/2016 11:21:39,Distrito Federal,21 a 30 anos,Feminino,Sim,5,5,4,1,1,3,1,1,1,2,1,5,3,3,3,4,2,3,1,1,1,4,1,1,1,1,5,5,3,3,5,5,5,5,1,1
3/1/2016 11:23:56,Ceará,31 a 40 anos,Masculino,Sim,5,5,3,2,3,3,3,3,1,1,1,1,2,2,3,3,4,2,3,1,3,2,2,1,1,1,2,4,1,2,2,2,3,4,1,2
3/1/2016 11:25:13,Ceará,até 20 anos,Feminino,Sim,5,4,2,2,1,3,1,2,3,2,2,3,1,2,4,3,4,3,1,1,1,3,1,1,1,1,3,3,1,1,1,1,1,1,2,1
3/1/2016 11:26:07,Ceará,21 a 30 anos,Feminino,Sim,5,5,1,1,1,1,1,1,1,1,1,5,3,3,3,3,3,1,1,1,1,1,1,1,1,1,3,3,1,1,5,5,5,5,1,1
3/1/2016 11:26:31,Ceará,21 a 30 anos,Masculino,Sim,5,5,4,4,4,2,2,2,2,4,3,5,5,3,3,5,5,5,4,1,4,5,2,5,5,4,5,5,3,2,4,5,5,5,5,5
3/1/2016 11:26:42,Distrito Federal,até 20 anos,Feminino,Sim,3,2,3,2,2,4,3,2,2,2,1,2,1,2,2,2,3,3,3,1,1,3,1,1,1,2,1,4,1,3,1,1,1,1,2,1
3/1/2016 11:28:11,Distrito Federal,21 a 30 anos,Masculino,Sim,5,5,3,3,4,2,3,1,1,5,5,5,1,3,4,3,3,5,3,1,3,4,3,1,3,1,4,4,3,3,3,3,2,2,4,3
3/1/2016 11:31:45,São Paulo,até 20 anos,Feminino,Sim,5,3,4,4,4,4,4,3,3,2,3,2,3,3,4,2,2,3,2,1,2,2,2,1,1,2,4,4,1,4,1,4,1,5,2,5
3/1/2016 11:33:53,Rio de Janeiro,21 a 30 anos,Feminino,Sim,5,4,1,1,1,5,4,3,2,3,3,4,3,3,3,2,2,4,2,1,3,3,2,2,1,1,4,5,2,3,2,4,3,3,1,3
3/1/2016 11:34:11,Distrito Federal,até 20 anos,Feminino,Sim,5,5,4,3,2,4,3,3,3,3,5,4,4,3,4,3,2,4,2,4,4,4,3,4,3,4,4,4,4,3,4,3,4,3,4,4
3/1/2016 11:36:50,Distrito Federal,até 20 anos,Feminino,Sim,5,5,5,5,5,5,5,3,2,5,5,5,4,4,4,4,5,5,5,1,5,3,2,2,5,4,5,5,5,5,5,5,5,5,5,5
3/1/2016 11:45:06,Ceará,a partir de 51 anos,Feminino,Não,5,4,4,3,3,4,3,3,3,3,3,4,3,2,3,4,4,4,4,1,4,3,3,2,2,2,2,2,4,4,4,4,4,4,3,3
3/1/2016 11:46:08,Ceará,31 a 40 anos,Masculino,Sim,5,5,3,3,1,4,4,2,3,2,4,4,2,2,2,2,2,3,2,1,2,3,1,3,1,1,5,5,3,3,5,5,4,4,3,3
3/1/2016 11:48:26,Distrito Federal,até 20 anos,Feminino,Sim,5,1,5,3,1,2,1,1,2,1,1,1,1,3,5,5,5,1,1,1,1,3,1,1,1,1,3,5,1,1,3,3,4,4,1,1
3/1/2016 11:49:25,Distrito Federal,até 20 anos,Masculino,Sim,5,5,5,5,5,5,2,4,1,4,4,3,5,5,5,3,4,5,5,1,4,2,5,3,3,2,3,3,5,4,3,2,3,3,4,5
3/1/2016 11:50:19,Distrito Federal,21 a 30 anos,Feminino,Sim,5,5,1,1,1,2,3,2,1,1,1,1,1,1,1,1,1,1,1,1,1,1,1,1,1,1,1,1,2,2,1,1,3,3,1,1
3/1/2016 11:57:11,Ceará,a partir de 51 anos,Masculino,Não,5,5,5,3,1,2,1,1,1,3,2,3,3,1,4,5,5,1,1,1,1,5,3,1,1,1,5,5,1,1,5,5,1,1,1,1
3/1/2016 11:58:05,Distrito Federal,até 20 anos,Feminino,Sim,5,5,3,1,1,4,4,2,4,4,4,4,2,4,4,3,4,5,2,1,2,5,1,3,4,3,5,3,3,1,4,1,1,1,5,3
3/1/2016 11:58:38,Ceará,21 a 30 anos,Masculino,Não,4,5,2,1,1,2,1,2,2,1,1,2,1,2,2,2,2,1,1,1,1,1,1,1,1,1,2,2,1,1,4,4,3,3,1,1
3/1/2016 12:03:44,Distrito Federal,até 20 anos,Feminino,Sim,5,5,4,4,2,3,1,2,1,3,3,3,1,3,4,2,3,3,1,1,1,4,1,1,1,1,4,4,1,3,2,4,2,4,1,1
3/1/2016 12:04:10,Goiás,21 a 30 anos,Feminino,Sim,5,4,3,3,1,2,2,1,1,4,3,5,4,3,4,4,4,3,2,1,2,3,2,3,4,4,4,3,1,1,4,4,4,4,5,3
3/1/2016 12:05:47,Distrito Federal,21 a 30 anos,Feminino,Sim,5,5,5,2,3,5,2,3,4,5,5,4,3,5,5,5,3,5,5,3,5,5,5,1,4,5,4,3,4,1,4,1,4,1,5,1
3/1/2016 12:06:46,Distrito Federal,21 a 30 anos,Masculino,Sim,5,3,5,3,2,5,4,1,1,2,5,5,3,5,5,5,5,4,4,1,3,4,1,4,5,4,5,5,3,3,4,5,3,4,4,4
3/1/2016 12:10:35,Distrito Federal,até 20 anos,Masculino,Sim,5,3,2,2,3,3,2,4,2,1,3,3,1,2,5,5,4,3,4,1,2,4,3,1,3,1,3,5,1,3,2,3,1,4,2,4
3/1/2016 12:14:06,São Paulo,31 a 40 anos,Feminino,Não,5,5,3,1,1,1,1,1,1,1,1,5,3,1,2,1,3,3,1,1,2,1,1,1,1,1,1,3,1,4,2,5,2,5,1,4
3/1/2016 12:22:48,Distrito Federal,21 a 30 anos,Masculino,Sim,5,2,5,4,4,4,3,2,1,3,3,5,1,5,5,4,4,5,2,1,3,3,1,1,1,2,4,3,1,1,2,2,1,1,2,2
3/1/2016 12:23:52,Ceará,até 20 anos,Masculino,Sim,5,5,1,1,1,3,3,2,2,1,1,1,1,1,1,1,1,1,1,1,1,1,1,1,1,1,1,1,1,1,1,1,1,1,1,1
3/1/2016 12:24:28,Espírito Santo,até 20 anos,Masculino,Sim,5,3,1,2,1,2,3,2,2,3,4,4,1,2,3,2,2,1,1,1,2,3,2,1,2,1,3,3,2,2,2,2,2,2,4,2
3/1/2016 12:32:25,Pará,21 a 30 anos,Feminino,Não,5,5,1,1,1,4,2,1,3,1,1,3,3,3,3,3,3,4,2,1,1,1,1,1,1,1,1,3,3,3,1,2,1,3,1,3
3/1/2016 12:41:13,Distrito Federal,até 20 anos,Feminino,Sim,5,4,5,5,4,3,2,3,2,1,1,1,1,5,4,1,4,4,3,1,4,4,1,1,1,1,2,3,2,2,3,3,3,3,2,2
3/1/2016 12:41:38,Distrito Federal,21 a 30 anos,Masculino,Não,5,5,4,1,3,5,3,3,1,2,4,4,1,4,5,2,3,3,3,1,5,4,1,1,1,4,3,1,1,1,1,1,3,2,4,1
3/1/2016 12:43:50,Goiás,até 20 anos,Masculino,Sim,5,2,5,5,2,2,1,1,1,1,3,3,4,5,5,5,5,4,4,3,4,4,4,1,5,4,5,5,2,2,4,4,2,2,5,4
3/1/2016 12:46:23,Ceará,21 a 30 anos,Masculino,Sim,4,2,4,3,1,3,1,2,1,2,4,4,1,4,3,3,3,2,2,2,2,2,3,1,3,2,3,3,3,3,4,4,3,3,4,4
3/1/2016 12:47:30,Distrito Federal,até 20 anos,Feminino,Sim,4,3,3,2,1,3,4,3,2,4,4,4,3,3,4,3,4,3,2,1,2,4,2,1,3,2,4,5,4,4,4,4,4,4,4,3
3/1/2016 12:48:24,Ceará,21 a 30 anos,Feminino,Sim,5,4,4,2,1,4,4,3,3,4,4,4,3,3,3,3,3,4,2,1,2,3,2,1,3,2,4,4,3,3,3,3,3,3,3,3
3/1/2016 12:54:34,Ceará,21 a 30 anos,Masculino,Sim,4,3,4,4,2,4,3,3,1,2,4,3,1,4,4,2,2,5,3,1,2,2,4,2,2,2,5,2,1,1,2,2,1,1,5,2
3/1/2016 12:57:13,Goiás,até 20 anos,Feminino,Sim,5,5,3,1,1,5,5,2,1,3,4,4,2,4,4,2,2,5,1,1,1,3,2,1,2,3,3,5,2,4,2,4,1,2,3,5
3/1/2016 13:03:27,São Paulo,21 a 30 anos,Masculino,Não,5,2,5,5,3,4,2,4,2,4,5,5,5,5,5,1,3,5,5,1,5,5,5,1,4,5,4,4,3,3,2,2,1,1,5,5
3/1/2016 13:07:23,Ceará,21 a 30 anos,Feminino,Não,5,5,4,4,4,3,2,2,2,2,3,5,4,3,4,4,4,4,4,1,3,5,4,3,3,4,5,5,3,3,5,4,5,5,5,4
3/1/2016 13:18:51,Ceará,41 a 50 anos,Feminino,Sim,4,3,3,2,1,3,1,2,2,2,2,3,1,1,2,3,5,2,1,1,1,3,1,1,1,1,1,2,1,1,2,2,5,5,3,3
3/1/2016 13:24:31,Ceará,21 a 30 anos,Masculino,Sim,4,3,3,3,2,3,2,2,1,2,2,4,2,2,3,3,2,2,2,2,2,1,1,1,1,1,2,3,1,3,2,4,1,3,2,3
3/1/2016 13:24:42,Distrito Federal,21 a 30 anos,Feminino,Sim,5,4,4,2,1,2,4,2,1,3,4,5,2,5,5,3,1,1,1,1,1,4,1,1,1,2,1,1,2,1,1,1,3,3,3,3
3/1/2016 13:30:45,Distrito Federal,21 a 30 anos,Feminino,Não,5,5,3,3,2,4,2,3,3,3,3,2,1,1,2,3,4,2,1,1,2,3,2,1,1,1,5,5,2,2,3,3,1,1,2,2
3/1/2016 13:34:34,Mato Grosso do Sul,até 20 anos,Feminino,Sim,5,3,4,3,2,1,2,1,1,3,4,5,2,3,3,3,3,2,2,1,2,3,2,1,2,1,2,5,1,4,1,4,1,4,2,4
3/1/2016 13:45:12,Distrito Federal,até 20 anos,Feminino,Sim,5,3,5,2,2,4,3,2,1,4,3,3,3,3,3,4,5,2,2,1,2,2,1,3,1,2,2,4,1,1,1,3,1,1,3,1
3/1/2016 13:55:22,Ceará,21 a 30 anos,Feminino,Não,5,2,3,1,1,2,1,1,1,1,1,1,1,3,5,4,3,3,1,1,2,2,2,1,1,1,2,2,1,1,1,2,4,5,1,1
3/1/2016 14:20:50,Ceará,21 a 30 anos,Feminino,Sim,5,5,4,4,5,5,4,3,2,2,2,4,2,5,5,5,5,3,4,1,3,5,4,1,1,1,5,5,2,2,2,2,1,1,1,1
3/1/2016 14:22:26,Pará,até 20 anos,Masculino,Sim,1,1,3,2,1,3,2,2,1,1,1,1,1,1,2,1,2,1,1,1,1,1,1,1,1,1,1,1,1,1,1,1,1,1,1,1
3/1/2016 14:30:11,Ceará,a partir de 51 anos,Feminino,Não,5,5,5,5,5,5,5,3,3,1,1,1,1,5,5,1,1,5,5,1,1,1,1,1,1,1,5,5,3,3,5,5,5,5,1,1
3/1/2016 14:36:07,Distrito Federal,21 a 30 anos,Feminino,Sim,5,5,4,2,4,3,4,3,2,3,2,2,3,3,3,5,4,5,5,1,4,2,2,1,3,1,5,5,4,4,4,4,2,3,2,5
3/1/2016 14:43:57,Distrito Federal,21 a 30 anos,Masculino,Sim,5,2,2,2,2,3,2,3,1,1,1,1,1,2,3,2,2,2,2,1,2,2,2,1,1,1,1,1,1,1,1,1,1,1,1,1
3/1/2016 15:05:40,Ceará,21 a 30 anos,Masculino,Sim,5,3,2,3,1,5,3,2,4,3,4,3,4,4,3,4,3,3,4,3,4,3,3,2,3,2,3,3,3,4,4,2,4,3,4,3
3/1/2016 15:26:40,Ceará,21 a 30 anos,Feminino,Não,5,5,3,1,1,3,4,2,4,3,4,5,1,2,5,1,4,3,2,1,2,2,1,1,1,1,3,3,1,1,1,1,1,1,3,3
3/1/2016 15:39:46,Bahia,31 a 40 anos,Feminino,Sim,5,5,5,4,4,1,2,2,1,3,4,5,4,4,4,5,5,3,3,1,4,5,2,1,3,3,5,5,5,5,5,5,5,5,5,5
3/1/2016 15:59:52,Ceará,até 20 anos,Masculino,Sim,5,5,3,2,2,3,3,2,3,3,3,4,4,2,3,3,3,3,2,1,2,2,2,2,2,2,2,2,2,1,1,2,3,3,3,3
3/1/2016 16:01:41,Ceará,21 a 30 anos,Masculino,Sim,5,4,4,2,2,2,3,1,2,2,2,2,2,3,4,3,3,2,2,1,2,3,2,1,1,1,2,4,1,2,2,4,2,3,2,3
3/1/2016 16:11:47,Ceará,21 a 30 anos,Masculino,Sim,5,1,5,4,5,4,5,3,3,3,4,5,5,4,4,2,2,5,5,1,5,5,4,1,4,4,3,5,1,5,1,1,3,3,4,5
3/1/2016 16:13:31,Bahia,21 a 30 anos,Masculino,Não,5,5,5,3,3,3,2,2,2,1,4,4,2,4,4,3,2,3,3,1,2,4,1,1,2,3,4,2,1,1,4,4,1,1,4,1
3/1/2016 16:15:10,Ceará,21 a 30 anos,Feminino,Sim,4,3,4,2,2,3,3,3,2,2,2,4,3,3,4,2,4,3,1,1,1,3,1,2,1,1,4,4,1,2,3,3,1,1,2,2
3/1/2016 16:35:51,Goiás,31 a 40 anos,Feminino,Não,5,3,3,3,3,5,4,3,3,4,5,5,5,5,5,5,5,5,5,5,5,5,5,5,5,3,5,5,5,4,2,3,2,2,2,3
3/1/2016 16:36:36,Goiás,31 a 40 anos,Feminino,Não,5,3,3,3,3,5,4,3,3,4,5,5,5,5,5,5,5,5,5,5,5,5,5,5,5,3,5,5,5,5,4,3,3,3,3,3
3/1/2016 17:05:23,Goiás,até 20 anos,Masculino,Sim,5,4,4,4,4,3,2,2,2,4,5,5,3,4,5,2,2,5,4,1,4,4,2,2,4,3,5,3,4,2,5,4,4,3,4,2
3/1/2016 17:17:27,Distrito Federal,41 a 50 anos,Masculino,Sim,5,3,4,3,3,2,2,1,2,1,1,3,2,4,4,3,4,3,2,1,2,3,2,1,1,1,2,3,3,3,2,2,5,5,1,1
3/1/2016 17:27:40,Distrito Federal,21 a 30 anos,Feminino,Sim,5,5,5,5,2,3,1,2,1,1,1,4,3,3,3,2,4,2,3,1,4,4,1,1,2,2,3,3,1,1,4,3,1,1,2,2
3/1/2016 17:37:59,Minas Gerais,até 20 anos,Feminino,Sim,5,5,1,1,2,2,3,2,1,1,1,1,1,1,2,1,1,1,1,1,1,1,2,1,2,1,2,4,4,4,1,3,1,2,1,2
3/1/2016 17:47:31,Espírito Santo,até 20 anos,Feminino,Sim,5,3,5,3,1,2,1,2,3,1,4,5,4,2,2,3,2,2,1,1,1,1,1,1,1,1,2,5,1,5,1,5,3,4,2,4
3/1/2016 17:49:51,Pernambuco,até 20 anos,Feminino,Sim,4,3,5,4,4,4,3,3,3,2,5,5,5,5,4,3,4,4,4,2,2,2,4,1,4,2,3,5,1,5,1,4,1,5,2,4
3/1/2016 17:56:50,Distrito Federal,até 20 anos,Feminino,Sim,5,5,5,4,4,3,4,1,1,5,5,5,4,4,4,4,3,5,5,1,4,4,4,1,3,3,5,5,3,3,3,4,2,5,5,5
3/1/2016 18:00:46,São Paulo,até 20 anos,Masculino,Sim,4,1,5,3,5,3,2,1,2,1,4,5,5,5,4,5,4,4,2,3,4,3,4,2,4,4,4,4,2,4,5,5,2,3,3,3
3/1/2016 18:01:57,Paraná,até 20 anos,Feminino,Não,5,5,4,3,3,4,2,3,3,4,4,4,4,5,5,5,5,5,2,1,2,5,2,1,1,2,3,3,2,4,3,4,3,3,3,3
3/1/2016 18:04:23,Distrito Federal,21 a 30 anos,Masculino,Não,5,5,5,5,3,3,3,3,1,1,1,1,1,5,5,5,5,2,2,1,3,4,1,1,1,1,4,4,3,4,3,3,3,3,3,3
3/1/2016 18:09:42,Rio Grande do Sul,até 20 anos,Feminino,Sim,4,2,3,1,1,4,4,3,3,4,4,3,1,2,2,2,4,3,1,1,1,2,1,1,1,1,4,4,2,2,5,4,5,5,3,3
3/1/2016 18:40:59,Minas Gerais,até 20 anos,Feminino,Sim,5,2,5,4,5,3,2,2,2,1,1,1,1,1,1,1,1,1,1,1,1,1,1,1,1,1,1,5,1,5,1,5,1,5,1,5
3/1/2016 18:41:39,Rio de Janeiro,até 20 anos,Feminino,Sim,4,4,4,4,4,4,3,3,2,3,4,5,5,4,3,2,4,4,2,1,2,3,2,2,2,2,5,5,3,4,1,1,1,2,2,3
3/1/2016 18:50:27,Distrito Federal,até 20 anos,Feminino,Sim,5,3,5,5,1,3,1,1,1,1,2,5,5,5,5,3,4,5,1,2,2,5,5,2,4,5,5,3,3,5,3,2,4,4,5,3
3/1/2016 18:56:10,Rio de Janeiro,até 20 anos,Feminino,Sim,5,5,5,3,3,2,1,2,1,1,3,4,4,5,5,5,1,3,2,1,2,5,5,2,3,3,1,1,3,3,5,5,5,5,3,5
3/1/2016 18:57:29,Espírito Santo,até 20 anos,Feminino,Sim,1,5,3,2,1,4,2,3,3,1,5,4,3,4,4,3,1,5,2,1,1,4,4,3,5,2,5,3,1,1,4,2,3,1,4,2
3/1/2016 19:08:47,Ceará,até 20 anos,Feminino,Sim,5,4,5,5,3,3,2,3,5,2,4,5,3,5,5,4,2,4,5,1,4,5,5,1,5,4,3,3,5,4,4,4,3,3,4,4
3/1/2016 19:13:12,Ceará,a partir de 51 anos,Feminino,Não,5,5,1,1,1,4,4,4,4,1,1,1,1,1,2,2,4,1,1,1,1,2,1,1,1,1,1,1,1,1,1,1,1,1,1,1
3/1/2016 19:33:28,Paraná,até 20 anos,Feminino,Sim,3,2,5,5,4,3,1,3,2,1,5,4,4,3,3,2,2,4,3,1,3,5,2,1,3,2,5,5,1,3,3,5,5,5,3,5
3/1/2016 19:44:08,Ceará,31 a 40 anos,Feminino,Sim,5,4,5,5,5,3,4,2,2,2,2,5,5,5,5,5,2,3,5,3,3,5,4,4,4,4,5,5,5,5,5,4,4,5,2,4
3/1/2016 19:59:55,Amapá,41 a 50 anos,Feminino,Não,5,1,2,1,1,5,5,1,3,3,5,5,5,3,5,4,3,5,5,1,5,3,1,1,3,5,1,5,3,5,1,5,3,5,3,5
3/1/2016 20:06:35,Ceará,21 a 30 anos,Masculino,Sim,5,5,5,4,4,2,2,1,1,1,1,4,1,4,4,3,5,3,3,2,3,5,3,2,2,2,3,3,2,2,2,2,2,2,3,2
3/1/2016 20:06:37,Rio de Janeiro,até 20 anos,Masculino,Sim,5,3,4,4,2,3,2,3,1,1,1,5,3,3,3,3,3,2,1,1,2,3,3,1,1,3,3,3,2,3,2,3,2,3,3,3
3/1/2016 20:10:25,Ceará,31 a 40 anos,Masculino,Sim,5,5,5,3,4,2,2,1,2,1,1,1,1,5,3,4,3,5,5,1,4,3,2,1,1,1,5,1,1,1,3,3,1,1,1,1
3/1/2016 20:12:10,Ceará,21 a 30 anos,Masculino,Sim,5,5,3,3,2,3,3,1,1,1,1,3,1,1,3,3,3,1,1,1,1,2,2,1,1,1,3,3,3,3,3,3,3,3,3,3
3/1/2016 20:12:43,Distrito Federal,até 20 anos,Feminino,Sim,5,4,2,1,1,3,4,1,1,1,1,1,1,2,3,3,3,1,1,1,1,2,1,1,1,1,1,1,1,1,1,1,1,1,1,1
3/1/2016 20:15:39,Bahia,21 a 30 anos,Masculino,Sim,5,2,5,1,1,1,1,1,1,1,1,1,1,3,3,3,1,2,2,1,3,4,1,1,2,2,4,4,1,1,1,1,1,1,4,4
3/1/2016 20:26:47,Ceará,21 a 30 anos,Masculino,Sim,5,5,4,3,1,2,2,3,3,2,4,5,1,4,4,2,3,5,4,1,1,3,1,1,3,2,5,5,1,1,5,5,1,1,4,2
3/1/2016 20:34:03,Ceará,21 a 30 anos,Masculino,Não,4,1,4,3,2,2,1,2,2,2,2,2,2,3,3,2,3,2,1,1,2,3,3,1,1,1,2,3,3,4,5,5,5,5,4,4
3/1/2016 20:45:30,Tocantins,até 20 anos,Feminino,Sim,5,1,5,5,5,3,3,3,2,4,5,5,5,5,4,3,3,5,4,1,5,3,2,2,4,2,5,4,2,2,4,3,4,3,4,4
3/1/2016 20:57:52,Ceará,31 a 40 anos,Feminino,Sim,5,1,1,1,1,3,1,1,3,3,1,1,1,1,1,1,1,1,1,1,1,1,1,1,1,1,4,5,1,1,5,5,4,4,1,2
3/1/2016 21:08:34,Ceará,21 a 30 anos,Masculino,Não,3,3,1,2,1,5,3,1,2,2,2,2,2,1,3,3,2,3,3,1,3,2,2,1,2,1,1,1,1,1,1,1,2,4,2,2
3/1/2016 21:21:54,Ceará,41 a 50 anos,Masculino,Não,5,3,4,3,1,2,2,2,2,2,3,4,3,1,1,3,3,2,2,1,1,3,3,1,2,2,3,4,4,4,4,4,3,3,3,3
3/1/2016 21:26:34,Ceará,21 a 30 anos,Feminino,Sim,5,5,4,2,1,5,2,2,3,2,5,5,3,4,5,1,2,4,2,1,1,3,1,2,2,2,4,4,3,3,3,3,3,3,4,3
3/1/2016 21:32:53,Distrito Federal,até 20 anos,Masculino,Sim,5,1,3,5,5,3,2,3,2,1,2,3,2,2,4,5,5,3,3,1,3,4,1,1,1,1,4,5,2,5,2,4,1,4,2,5
3/1/2016 21:51:45,Rio de Janeiro,até 20 anos,Masculino,Sim,5,3,2,2,2,2,2,1,1,1,1,1,1,2,2,2,1,3,2,1,1,1,1,1,1,1,2,2,1,1,1,1,1,1,1,1
3/1/2016 22:07:57,Rio de Janeiro,21 a 30 anos,Feminino,Não,5,3,5,3,3,4,5,1,4,5,5,5,5,5,4,5,5,4,4,1,4,4,2,1,3,4,2,5,1,1,1,1,1,1,5,4
3/1/2016 22:10:37,Ceará,21 a 30 anos,Feminino,Sim,5,4,4,2,1,2,1,3,2,1,5,5,5,5,5,5,5,2,1,1,1,5,4,1,5,5,5,5,5,5,2,2,1,5,1,5
3/1/2016 22:14:18,São Paulo,até 20 anos,Feminino,Sim,5,3,3,2,2,2,4,1,2,1,3,2,1,1,3,2,1,2,1,1,1,2,1,1,1,1,1,2,1,2,1,1,2,2,2,2
3/1/2016 22:16:30,Ceará,21 a 30 anos,Feminino,Sim,5,3,2,2,2,2,4,3,1,2,1,2,2,2,2,2,3,4,1,1,2,4,3,3,3,2,4,4,1,1,1,1,1,1,2,2
3/1/2016 22:21:01,Paraná,até 20 anos,Feminino,Sim,5,2,4,3,2,3,2,1,1,1,1,1,1,4,4,4,4,3,4,1,3,5,1,1,1,1,1,1,1,1,3,3,1,3,4,5
3/1/2016 22:27:11,Ceará,até 20 anos,Masculino,Sim,5,3,4,1,1,3,3,1,2,4,3,4,1,3,3,1,3,1,1,1,1,2,1,1,1,1,3,5,1,4,2,5,2,4,1,3
3/1/2016 22:43:54,Distrito Federal,21 a 30 anos,Feminino,Sim,5,1,5,5,5,3,2,1,1,1,4,5,5,4,5,5,4,5,5,4,5,5,5,5,4,5,5,3,4,5,4,4,3,3,5,3
3/1/2016 22:49:01,Distrito Federal,até 20 anos,Masculino,Sim,5,2,4,3,4,4,3,3,3,4,4,5,3,4,5,4,2,5,4,2,4,3,3,4,3,1,5,5,4,3,5,5,5,5,4,5
3/1/2016 22:53:37,Distrito Federal,até 20 anos,Masculino,Sim,5,3,1,1,1,4,4,2,1,1,1,2,1,1,3,2,4,1,2,1,1,1,1,1,1,1,2,2,1,1,1,1,1,1,1,1
3/1/2016 23:27:04,Distrito Federal,até 20 anos,Feminino,Sim,5,3,3,3,1,3,1,1,1,3,4,4,3,3,4,4,4,3,2,1,2,3,3,1,4,5,4,4,1,1,2,1,3,2,4,2
3/2/2016 0:23:45,Paraná,até 20 anos,Masculino,Sim,5,5,5,5,1,3,1,1,1,3,4,5,3,3,3,3,4,3,3,1,2,5,2,1,2,3,3,3,1,4,2,4,2,4,3,3
3/2/2016 3:17:45,Bahia,21 a 30 anos,Masculino,Sim,5,5,5,3,5,4,5,4,2,1,1,5,2,5,5,5,5,5,5,1,5,5,3,2,2,3,3,3,1,1,3,3,3,3,3,2
3/2/2016 3:43:14,Bahia,21 a 30 anos,Feminino,Sim,5,3,3,2,3,4,3,2,2,2,3,4,3,4,3,2,2,4,2,1,2,2,2,1,1,2,4,3,1,1,2,2,3,3,2,1
3/2/2016 4:03:10,Distrito Federal,até 20 anos,Masculino,Sim,5,5,5,5,3,3,2,2,4,2,5,5,4,4,5,3,4,5,5,1,5,5,3,4,5,4,4,5,2,4,2,5,1,4,3,5
3/2/2016 5:56:03,Ceará,41 a 50 anos,Feminino,Não,5,5,5,3,1,5,5,2,2,5,5,5,3,5,5,5,5,5,5,2,2,5,3,3,5,3,5,5,5,5,5,5,5,5,4,4
3/2/2016 6:14:11,Distrito Federal,21 a 30 anos,Feminino,Sim,5,5,4,5,4,2,1,1,1,2,3,4,2,3,3,3,3,3,3,1,3,4,3,1,1,3,3,3,1,1,2,2,2,2,3,2
3/2/2016 7:00:52,Bahia,31 a 40 anos,Masculino,Sim,5,3,5,5,3,4,4,3,3,1,1,1,1,5,5,4,5,2,2,1,2,4,2,1,1,1,2,3,2,3,1,2,1,2,1,2
3/2/2016 7:25:47,Bahia,31 a 40 anos,Feminino,Não,5,5,3,1,1,3,3,2,2,4,3,5,3,3,4,3,5,2,2,1,2,4,3,3,3,1,5,5,5,5,5,5,5,5,4,5
3/2/2016 8:28:40,Ceará,31 a 40 anos,Masculino,Sim,5,5,4,1,1,2,2,2,2,1,1,1,1,1,1,2,2,1,1,1,1,2,2,1,1,1,1,1,1,1,1,1,2,3,1,1
3/2/2016 9:25:05,Ceará,31 a 40 anos,Masculino,Sim,5,4,5,3,3,2,2,1,1,4,3,4,2,4,5,4,3,4,4,1,5,4,4,3,4,3,3,5,3,3,3,5,3,3,5,3
3/2/2016 9:27:27,Bahia,até 20 anos,Feminino,Sim,4,3,4,4,3,4,3,3,2,4,4,4,4,3,4,4,3,4,3,1,3,5,3,1,4,3,5,5,3,4,5,5,4,4,4,4
3/2/2016 9:48:13,Bahia,até 20 anos,Feminino,Sim,5,5,3,1,1,5,3,2,4,4,5,5,1,3,4,3,4,4,3,1,2,1,1,1,1,2,4,5,3,3,1,2,1,1,3,1
3/2/2016 9:51:42,Rio de Janeiro,21 a 30 anos,Feminino,Sim,5,4,3,2,1,5,3,2,2,2,2,3,2,3,3,2,3,2,2,1,1,2,2,1,1,1,3,3,3,3,2,2,2,2,2,3
3/2/2016 9:52:26,Ceará,21 a 30 anos,Feminino,Sim,5,5,2,1,1,4,3,2,4,1,1,1,1,1,1,2,1,3,2,1,2,2,2,1,2,1,1,1,1,1,1,1,1,1,1,1
3/2/2016 10:02:01,Distrito Federal,21 a 30 anos,Masculino,Sim,5,5,4,3,3,4,5,4,2,3,5,5,4,4,5,3,3,5,4,2,3,5,3,2,5,4,4,4,2,2,4,4,3,3,4,4
3/2/2016 10:13:00,Ceará,21 a 30 anos,Masculino,Sim,5,5,5,5,4,3,2,1,1,3,5,5,4,5,5,4,4,5,5,1,3,4,4,2,3,2,5,5,4,4,4,4,4,4,2,2
3/2/2016 10:14:22,Santa Catarina,21 a 30 anos,Masculino,Sim,5,2,5,5,5,5,3,4,2,1,2,4,4,5,5,5,5,5,5,1,5,5,4,1,1,3,3,3,2,2,3,3,3,3,4,4
3/2/2016 10:26:24,São Paulo,31 a 40 anos,Feminino,Não,5,3,4,3,3,4,4,4,3,4,4,5,5,2,3,4,1,5,4,1,4,3,2,1,3,1,5,5,4,4,3,1,3,3,3,3
3/2/2016 10:28:10,Ceará,até 20 anos,Feminino,Sim,1,3,2,2,1,5,3,2,3,3,1,2,1,1,2,2,4,1,1,1,1,1,1,1,1,1,2,3,1,1,2,3,1,1,1,1
3/2/2016 10:28:57,Ceará,21 a 30 anos,Feminino,Não,5,5,3,2,1,4,1,2,2,1,1,2,2,3,4,4,3,4,2,1,1,3,3,1,2,1,5,5,3,3,4,3,2,3,1,1
3/2/2016 10:29:45,Ceará,até 20 anos,Feminino,Sim,4,2,5,5,3,4,3,2,1,2,2,4,2,1,1,1,2,3,1,1,1,3,1,1,2,1,3,5,1,3,1,5,1,4,1,4
3/2/2016 10:31:15,Ceará,até 20 anos,Feminino,Sim,5,4,4,3,2,4,1,2,1,2,5,5,3,4,4,4,3,5,2,1,2,4,2,2,3,3,5,5,2,2,5,5,2,2,5,4
3/2/2016 10:34:19,Ceará,21 a 30 anos,Feminino,Sim,5,5,4,4,4,5,4,3,2,1,1,4,5,4,5,1,1,4,2,1,4,5,3,2,2,3,5,5,3,5,2,5,1,4,2,4
3/2/2016 10:36:47,Ceará,21 a 30 anos,Feminino,Sim,5,5,3,3,1,3,1,2,2,3,3,4,4,3,3,3,3,5,3,1,2,3,3,2,2,3,4,5,2,3,5,5,2,4,2,4
3/2/2016 10:37:28,Ceará,até 20 anos,Feminino,Sim,5,3,1,1,1,5,3,3,3,2,2,2,1,3,3,4,1,3,1,1,1,2,1,1,1,1,4,3,1,1,2,2,2,2,2,2
3/2/2016 10:41:58,Ceará,até 20 anos,Masculino,Sim,4,3,4,5,4,4,2,2,2,2,3,4,3,3,4,3,2,1,1,1,1,3,2,1,1,1,4,4,2,2,2,2,4,4,2,4
3/2/2016 10:42:31,Ceará,até 20 anos,Feminino,Sim,5,4,3,2,3,4,4,2,1,4,4,4,3,2,3,3,3,2,2,1,2,3,2,1,2,2,5,5,1,2,3,4,2,4,1,3
3/2/2016 10:42:47,Ceará,21 a 30 anos,Masculino,Sim,5,4,3,3,2,4,2,2,2,2,2,2,4,2,2,2,2,3,3,1,2,2,1,1,1,1,3,4,2,3,2,3,3,4,1,2
3/2/2016 10:49:03,Distrito Federal,até 20 anos,Feminino,Sim,5,4,4,2,2,4,5,3,2,3,4,3,2,2,2,2,2,3,2,1,1,1,1,1,1,1,5,5,2,5,1,5,2,5,2,4
3/2/2016 10:49:37,Ceará,até 20 anos,Masculino,Sim,5,3,2,1,1,3,2,3,3,4,4,3,2,1,2,2,3,2,1,1,1,2,2,1,1,2,3,4,1,2,1,2,1,1,3,3
3/2/2016 10:56:04,Ceará,até 20 anos,Feminino,Sim,5,5,1,1,2,5,4,1,1,1,1,1,1,1,1,2,1,1,1,1,2,1,1,1,1,1,1,2,1,1,1,1,1,1,1,1
3/2/2016 10:58:27,Piauí,21 a 30 anos,Masculino,Sim,2,4,5,4,3,2,2,2,1,1,1,1,2,5,4,5,3,3,4,1,2,4,2,1,1,1,2,4,2,2,2,2,3,3,2,2
3/2/2016 10:58:36,Ceará,21 a 30 anos,Masculino,Sim,4,3,4,2,4,3,3,1,1,2,2,2,3,4,5,2,4,4,3,2,4,3,3,1,3,2,3,3,3,3,3,3,3,3,3,3
3/2/2016 10:59:10,Bahia,21 a 30 anos,Feminino,Sim,4,4,4,3,2,2,1,2,1,1,1,1,4,3,4,2,4,5,5,5,2,5,4,5,2,2,5,5,1,2,3,3,3,3,3,3
3/2/2016 11:09:34,Ceará,até 20 anos,Feminino,Sim,4,1,3,2,2,3,3,3,2,3,2,3,1,3,4,3,4,4,2,1,2,2,2,2,2,1,4,3,4,3,4,4,4,4,3,2
3/2/2016 11:11:25,Ceará,21 a 30 anos,Feminino,Sim,5,5,3,3,4,4,4,3,5,4,4,4,3,4,4,1,2,4,4,1,4,2,1,3,3,1,5,5,4,4,1,5,2,4,1,4
3/2/2016 11:29:33,Amazonas,21 a 30 anos,Feminino,Não,5,5,3,3,1,3,3,1,1,1,5,5,3,1,3,3,3,4,2,1,2,3,1,1,1,2,2,2,2,2,2,4,2,2,2,2
3/2/2016 11:37:14,Ceará,até 20 anos,Masculino,Sim,5,3,3,3,1,3,3,2,2,4,3,2,2,3,4,1,2,5,4,1,3,4,1,1,2,2,5,5,2,2,5,5,2,3,2,2
3/2/2016 11:38:13,Santa Catarina,21 a 30 anos,Feminino,Não,5,5,3,2,1,4,1,1,1,2,1,3,2,2,3,3,3,1,1,1,1,4,1,1,1,3,3,3,1,1,3,3,1,1,3,3
3/2/2016 11:41:41,Distrito Federal,31 a 40 anos,Feminino,Não,5,5,5,4,2,3,1,3,2,3,4,5,3,5,5,5,3,4,2,1,2,5,4,1,2,3,5,5,2,2,5,5,4,3,4,3
3/2/2016 12:11:57,Ceará,até 20 anos,Feminino,Sim,5,3,3,3,2,4,2,3,2,2,4,5,3,3,3,3,2,4,4,2,4,5,2,3,4,3,4,4,3,4,3,4,3,4,3,4
3/2/2016 12:14:06,Ceará,até 20 anos,Feminino,Sim,5,3,4,4,4,4,3,3,2,3,3,3,3,3,3,2,4,3,3,3,3,4,3,2,3,1,5,5,1,3,5,5,1,5,3,3
3/2/2016 12:16:22,Ceará,21 a 30 anos,Masculino,Sim,5,5,3,2,1,5,4,2,1,1,1,2,1,1,2,2,1,2,1,1,1,1,1,1,1,1,3,3,1,2,1,2,1,1,1,1
3/2/2016 12:30:08,Ceará,até 20 anos,Masculino,Sim,5,3,1,1,1,3,2,3,3,4,5,4,1,4,4,3,4,3,2,1,2,4,2,1,3,3,3,3,1,1,3,3,2,2,4,3
3/2/2016 12:33:17,Ceará,até 20 anos,Feminino,Sim,5,2,4,3,1,2,1,1,1,1,1,1,2,3,4,3,5,3,2,1,1,2,1,1,1,1,2,4,1,3,1,4,1,3,1,1
3/2/2016 12:46:40,Ceará,até 20 anos,Masculino,Sim,5,5,3,1,1,3,2,3,2,1,1,1,1,3,3,2,2,1,1,1,1,2,1,1,1,1,1,1,1,1,1,1,2,2,1,1
3/2/2016 12:56:57,São Paulo,31 a 40 anos,Feminino,Não,5,5,2,2,1,4,2,1,1,1,1,2,1,1,1,1,1,1,1,1,1,2,2,1,1,1,2,4,1,1,1,3,5,5,1,4
3/2/2016 12:58:32,Piauí,31 a 40 anos,Feminino,Não,5,5,5,4,3,2,1,1,1,2,1,5,4,5,5,5,5,2,2,1,4,4,1,1,2,2,1,2,2,2,5,5,5,5,5,1
3/2/2016 13:02:35,Goiás,21 a 30 anos,Feminino,Sim,5,3,5,5,3,4,3,2,1,4,4,5,3,4,4,4,2,4,4,2,4,4,5,4,5,2,5,4,3,5,4,4,3,4,3,2
3/2/2016 13:15:25,São Paulo,até 20 anos,Feminino,Sim,5,2,3,1,1,3,4,1,1,2,5,3,1,1,2,5,4,1,3,1,1,1,1,1,1,1,3,5,3,5,3,5,5,5,4,1
3/2/2016 13:20:01,Distrito Federal,21 a 30 anos,Masculino,Sim,5,4,3,3,3,4,2,3,3,2,5,5,2,4,3,1,3,4,4,1,4,4,1,1,4,3,3,3,1,3,3,3,3,3,3,3
3/2/2016 13:24:37,Minas Gerais,21 a 30 anos,Feminino,Não,5,2,3,1,2,5,4,4,3,3,4,4,3,1,1,3,3,3,4,1,2,3,3,3,1,2,4,5,1,1,4,4,1,1,3,5
3/2/2016 13:31:41,Bahia,31 a 40 anos,Masculino,Sim,5,5,5,5,5,5,5,3,2,5,5,5,5,5,5,5,5,5,5,5,5,5,5,5,5,5,5,5,5,5,5,5,5,5,5,5
3/2/2016 13:35:01,Bahia,21 a 30 anos,Masculino,Sim,5,5,4,3,2,3,3,3,3,1,1,1,1,3,3,4,2,4,3,1,3,4,3,1,3,2,5,3,3,3,5,5,2,2,3,1
3/2/2016 13:38:00,Ceará,até 20 anos,Masculino,Sim,5,3,3,2,2,1,3,1,1,3,2,5,3,2,2,2,2,3,1,1,1,2,1,1,3,2,4,4,2,2,3,3,1,3,3,1
3/2/2016 13:38:51,Rio de Janeiro,até 20 anos,Feminino,Não,3,2,1,1,1,5,2,3,3,3,3,3,2,2,1,2,2,1,1,1,1,1,1,1,1,1,1,3,1,1,1,1,1,1,1,1
3/2/2016 13:43:09,Rio de Janeiro,21 a 30 anos,Feminino,Não,5,3,1,1,2,5,5,3,3,1,1,3,1,2,2,2,2,2,2,1,1,1,1,1,1,1,1,2,1,2,1,1,1,1,1,1
3/2/2016 13:44:32,Paraíba,21 a 30 anos,Masculino,Não,5,4,5,4,3,1,4,1,1,1,5,5,1,5,3,5,5,3,2,1,2,4,1,1,3,2,5,5,3,3,5,5,3,3,4,4
3/2/2016 13:46:36,Minas Gerais,21 a 30 anos,Masculino,Não,5,3,5,4,4,3,2,3,2,3,3,4,3,4,5,4,1,4,4,1,3,3,2,1,1,1,5,3,1,1,5,5,1,1,3,3
3/2/2016 13:49:07,Bahia,21 a 30 anos,Feminino,Sim,5,5,5,5,5,4,4,3,1,4,4,5,3,5,2,5,4,4,4,1,5,4,1,1,4,4,5,5,5,5,3,3,1,1,4,3
3/2/2016 13:58:21,Bahia,21 a 30 anos,Feminino,Não,5,5,5,5,3,3,3,2,2,2,2,4,3,4,4,4,4,4,3,1,4,5,5,2,5,3,4,3,3,5,2,1,3,5,3,1
3/2/2016 14:20:57,Ceará,31 a 40 anos,Feminino,Sim,5,3,3,2,2,4,1,3,2,3,3,3,1,2,2,1,2,3,3,1,2,2,2,1,1,1,5,4,2,3,3,3,3,3,4,3
3/2/2016 14:59:30,Bahia,21 a 30 anos,Feminino,Não,5,5,3,1,1,3,2,1,1,2,3,5,4,2,3,3,3,3,1,1,1,3,3,1,1,3,5,5,2,4,5,5,5,5,5,5
3/2/2016 15:17:36,Ceará,até 20 anos,Feminino,Sim,5,5,3,1,1,5,3,2,1,2,5,5,3,4,5,3,5,5,3,1,3,4,4,1,1,1,5,5,2,2,2,5,1,3,1,4
3/2/2016 15:41:57,Ceará,até 20 anos,Masculino,Sim,4,2,2,3,1,4,3,3,2,2,4,5,3,2,5,4,5,4,4,1,3,4,2,1,2,1,5,5,3,4,4,3,4,4,4,4
3/2/2016 15:45:41,Pará,até 20 anos,Feminino,Sim,5,2,3,3,2,4,2,1,2,1,4,4,3,3,3,2,2,3,2,1,1,3,1,1,2,1,4,5,2,4,3,5,3,4,1,3
3/2/2016 16:43:37,Minas Gerais,21 a 30 anos,Feminino,Sim,5,1,4,1,1,2,2,2,2,1,3,3,3,4,4,3,1,2,3,2,2,3,2,2,2,2,2,2,1,1,3,3,1,1,5,5
3/2/2016 16:57:02,Bahia,41 a 50 anos,Masculino,Não,5,4,5,5,5,4,3,3,2,2,2,2,4,5,5,3,3,5,5,1,5,3,3,2,1,2,5,5,5,5,2,2,3,4,2,4
3/2/2016 17:01:47,Goiás,até 20 anos,Feminino,Sim,5,3,4,3,1,2,1,1,1,1,5,5,3,5,5,2,4,5,2,1,1,5,1,1,2,2,5,5,3,3,3,3,3,3,5,2
3/2/2016 17:36:05,Piauí,31 a 40 anos,Feminino,Não,5,4,5,4,5,4,4,3,2,3,3,5,5,5,4,4,3,4,5,1,4,2,1,1,2,1,1,1,2,3,3,3,4,4,1,1
3/2/2016 17:54:20,Ceará,a partir de 51 anos,Masculino,Não,4,1,4,3,3,4,1,1,1,1,1,4,3,3,3,4,4,4,4,2,3,4,3,2,3,1,2,3,3,3,2,3,3,4,2,2
3/2/2016 18:10:55,Ceará,21 a 30 anos,Feminino,Não,5,1,1,1,1,3,1,1,2,1,1,2,1,1,2,2,3,2,1,1,1,1,1,1,1,1,1,1,1,1,1,1,1,1,1,1
3/2/2016 18:12:09,Bahia,21 a 30 anos,Masculino,Sim,5,4,4,4,4,3,2,3,2,1,1,3,3,4,4,1,1,4,4,1,3,4,1,1,1,1,1,2,1,3,3,3,1,3,3,4
3/2/2016 18:16:45,Maranhão,21 a 30 anos,Feminino,Sim,5,5,2,1,1,5,3,3,2,1,1,1,1,2,2,3,3,2,2,1,2,2,1,2,1,1,2,3,1,2,2,3,3,4,1,2
3/2/2016 18:48:10,Bahia,21 a 30 anos,Masculino,Não,5,5,4,1,1,4,3,2,2,1,1,1,1,3,4,4,3,5,4,1,3,2,1,1,1,1,2,3,1,1,2,1,1,1,1,1
3/2/2016 18:54:11,Pernambuco,até 20 anos,Feminino,Sim,5,5,5,4,2,3,2,2,3,2,2,4,4,3,5,4,2,4,5,2,4,5,4,1,3,3,5,4,5,5,5,5,3,4,3,2
3/2/2016 18:59:53,Bahia,31 a 40 anos,Masculino,Sim,5,2,3,3,3,3,1,3,1,1,1,5,5,4,4,4,4,3,3,1,3,3,3,1,1,3,5,5,4,4,3,3,3,3,3,3
3/2/2016 19:02:48,Ceará,até 20 anos,Masculino,Sim,5,5,4,4,4,3,5,3,2,1,1,1,3,5,5,2,2,4,4,1,3,4,2,1,1,1,4,2,3,1,3,2,3,4,2,3
3/2/2016 19:04:17,São Paulo,21 a 30 anos,Feminino,Não,2,4,2,2,2,3,2,2,2,2,2,2,2,2,2,2,2,2,2,2,2,2,2,2,2,2,2,2,2,2,2,2,2,2,2,2
3/2/2016 19:44:35,Ceará,21 a 30 anos,Feminino,Sim,5,5,5,3,2,3,4,2,2,4,3,5,3,5,5,5,5,1,2,1,2,3,3,1,1,1,4,4,2,2,4,5,3,4,1,1
3/2/2016 20:04:22,São Paulo,31 a 40 anos,Masculino,Não,5,5,1,1,1,5,5,3,3,3,3,3,3,1,3,2,3,2,2,1,2,2,1,1,1,1,3,5,3,3,3,3,1,1,1,1
3/2/2016 20:16:57,Ceará,21 a 30 anos,Feminino,Sim,5,5,3,1,1,4,2,3,1,1,2,5,4,3,5,4,3,4,2,1,2,4,2,3,2,2,5,5,2,2,2,2,5,5,2,2
3/2/2016 20:18:05,Ceará,21 a 30 anos,Masculino,Sim,5,3,5,5,1,3,1,2,1,1,1,1,1,3,3,3,3,2,1,1,2,2,1,1,1,1,1,2,1,2,3,3,1,3,1,3
3/2/2016 20:44:15,Ceará,21 a 30 anos,Feminino,Sim,5,3,4,1,1,4,2,3,2,3,4,4,1,3,4,2,4,4,1,1,1,3,2,1,1,1,1,1,1,1,1,1,1,1,1,1
3/2/2016 20:48:57,Ceará,21 a 30 anos,Feminino,Sim,5,5,3,1,1,3,3,2,2,3,3,5,3,3,4,3,5,1,1,1,1,3,3,3,3,3,3,3,1,1,3,3,4,4,3,3
3/2/2016 20:50:20,Ceará,21 a 30 anos,Masculino,Sim,5,3,5,5,5,3,2,2,2,4,4,5,4,4,4,4,4,5,5,2,5,5,3,2,4,2,5,5,2,3,4,4,3,3,4,4
3/2/2016 21:12:11,Ceará,41 a 50 anos,Feminino,Não,5,1,1,1,1,5,5,3,1,1,1,1,1,1,3,3,3,2,2,1,2,2,1,1,1,1,1,1,1,1,1,1,3,3,1,1
3/2/2016 21:14:50,Ceará,21 a 30 anos,Feminino,Sim,5,3,4,3,2,5,3,2,3,4,2,4,2,2,3,3,4,3,4,1,1,4,1,4,3,4,4,3,3,3,3,3,3,4,4,4
3/2/2016 21:28:35,Bahia,21 a 30 anos,Masculino,Não,5,2,3,1,3,2,5,2,2,4,4,5,5,4,5,3,4,5,3,1,4,4,4,2,1,2,3,5,3,4,2,4,3,5,1,3
3/2/2016 21:32:03,Ceará,21 a 30 anos,Feminino,Sim,5,5,5,4,2,1,3,1,1,1,1,1,1,5,5,3,3,5,2,1,2,4,1,1,1,1,5,5,3,3,5,5,3,3,1,1
3/2/2016 21:37:39,Ceará,até 20 anos,Masculino,Sim,5,2,2,1,2,5,5,5,5,5,5,5,1,3,5,4,4,5,3,1,3,4,3,3,4,3,4,4,1,3,1,3,2,4,1,4
3/2/2016 21:50:51,São Paulo,31 a 40 anos,Feminino,Não,5,3,3,1,4,3,3,3,4,1,1,1,1,1,4,3,3,4,3,1,2,4,1,1,1,1,5,5,3,4,5,5,3,4,1,3
3/2/2016 21:51:09,Ceará,31 a 40 anos,Feminino,Não,5,5,2,1,1,5,1,2,1,4,4,3,1,4,5,2,5,3,1,1,2,5,1,1,1,1,3,5,1,1,1,1,1,1,1,1
3/2/2016 21:51:09,Ceará,31 a 40 anos,Feminino,Não,5,5,2,1,1,5,1,2,1,4,4,3,1,4,5,2,5,3,1,1,2,5,1,1,1,1,3,5,1,1,1,1,1,1,1,1
3/2/2016 21:54:43,São Paulo,21 a 30 anos,Feminino,Não,5,5,3,2,1,4,3,3,2,3,3,3,1,2,3,2,3,3,2,1,2,3,2,2,1,2,3,4,1,2,1,3,1,2,2,2
3/2/2016 21:57:09,Bahia,21 a 30 anos,Feminino,Sim,5,5,3,2,1,3,2,2,1,1,1,1,1,3,3,4,4,2,1,1,2,3,1,1,1,1,4,4,3,3,3,3,4,4,1,1
3/2/2016 22:13:33,Ceará,21 a 30 anos,Masculino,Sim,5,3,5,4,4,4,3,2,2,3,5,5,5,5,4,4,4,5,5,1,5,5,4,1,4,1,5,4,1,4,1,1,4,4,4,4
3/2/2016 22:13:42,Mato Grosso,até 20 anos,Feminino,Sim,3,2,4,4,3,3,2,3,2,2,3,4,4,3,5,5,3,2,1,1,3,4,2,1,3,2,3,5,2,5,4,5,3,5,2,4
3/2/2016 22:40:57,Bahia,21 a 30 anos,Masculino,Sim,5,5,2,2,2,3,4,2,2,3,2,4,3,2,3,2,4,2,2,1,2,4,1,1,1,1,2,4,1,2,2,4,1,2,2,3
3/2/2016 22:41:29,Bahia,até 20 anos,Feminino,Sim,5,2,2,3,1,2,1,2,3,1,1,1,1,2,4,2,2,1,1,1,1,3,2,1,1,1,1,3,1,1,1,1,2,2,3,3
3/2/2016 22:52:59,Ceará,21 a 30 anos,Masculino,Sim,5,2,3,2,1,3,4,1,1,1,1,1,1,3,3,1,4,1,3,1,1,2,2,1,1,1,3,5,1,4,1,5,1,5,1,3
3/2/2016 23:26:56,Rio de Janeiro,21 a 30 anos,Feminino,Sim,5,3,2,1,1,3,1,3,2,1,1,2,1,1,4,2,3,1,1,1,2,2,1,1,1,1,4,4,1,1,1,1,1,1,1,1
3/2/2016 23:45:45,Rio de Janeiro,41 a 50 anos,Masculino,Sim,5,5,5,5,5,3,3,3,2,4,4,4,4,5,5,4,5,5,5,4,5,5,5,3,4,5,5,5,3,3,4,4,3,3,5,5
3/3/2016 0:26:04,Ceará,21 a 30 anos,Masculino,Sim,5,5,3,2,2,3,4,2,1,2,4,5,3,3,3,2,4,4,3,2,4,2,1,2,3,3,4,4,2,3,4,4,4,4,4,3
3/3/2016 0:58:27,Ceará,até 20 anos,Feminino,Sim,5,3,3,3,1,4,3,2,2,4,3,4,3,3,4,3,4,3,2,1,1,3,2,1,2,2,2,2,1,1,2,2,1,1,3,3
3/3/2016 1:48:43,Alagoas,31 a 40 anos,Feminino,Sim,5,5,3,2,1,3,3,2,2,1,1,1,1,3,1,3,3,2,2,1,1,1,2,1,1,1,1,1,1,1,1,1,1,1,1,1
3/3/2016 10:04:15,São Paulo,21 a 30 anos,Feminino,Não,5,5,3,2,2,2,3,1,1,3,5,5,4,4,4,4,4,4,4,1,4,4,1,1,4,3,4,4,4,4,4,4,4,4,4,4
3/3/2016 10:14:35,Ceará,21 a 30 anos,Feminino,Sim,5,5,3,2,1,3,1,3,1,1,1,1,1,2,1,2,3,2,1,1,1,2,1,1,1,1,2,3,1,1,1,1,1,1,1,1
3/3/2016 10:32:45,São Paulo,até 20 anos,Feminino,Sim,5,1,4,1,2,3,4,2,1,2,1,3,2,4,3,2,1,3,2,1,1,4,1,2,2,1,4,4,2,1,1,1,1,4,1,2
3/3/2016 10:44:40,Distrito Federal,21 a 30 anos,Feminino,Sim,5,5,2,1,1,2,4,1,2,3,2,4,2,2,2,3,3,1,1,1,1,3,1,1,1,3,4,3,3,2,3,3,2,2,3,2
3/3/2016 14:07:02,Ceará,21 a 30 anos,Masculino,Sim,5,3,3,3,3,4,1,2,2,3,2,5,1,3,3,1,3,3,2,2,1,2,1,1,2,1,5,5,2,2,2,3,2,2,3,3
3/3/2016 15:21:46,Santa Catarina,até 20 anos,Feminino,Sim,5,3,1,1,1,3,3,3,2,5,5,5,3,4,5,3,5,2,1,1,1,4,3,1,2,2,4,1,1,1,3,1,2,1,3,1
3/3/2016 16:09:41,Paraíba,até 20 anos,Feminino,Sim,5,4,4,4,3,2,3,2,2,3,3,3,2,4,4,3,3,4,2,1,1,2,1,1,1,2,2,3,1,1,4,4,3,3,2,2
3/3/2016 16:30:48,Bahia,31 a 40 anos,Masculino,Não,5,1,4,4,3,4,3,2,1,2,3,3,2,3,2,2,3,4,1,1,1,1,2,1,1,1,2,4,5,5,2,2,2,4,2,4
3/3/2016 20:12:53,Distrito Federal,31 a 40 anos,Feminino,Não,5,5,4,1,1,2,1,2,2,1,1,1,1,3,3,3,2,1,2,1,1,2,1,1,1,1,1,1,1,1,1,1,1,3,1,1
3/3/2016 20:15:54,São Paulo,21 a 30 anos,Feminino,Não,5,5,5,5,5,3,3,3,3,3,4,4,4,5,5,5,5,5,3,3,4,5,5,1,3,2,4,4,4,4,4,4,4,4,4,4
3/3/2016 21:18:32,Goiás,até 20 anos,Masculino,Sim,5,1,5,2,1,1,1,1,1,2,1,3,2,3,3,3,3,1,1,1,1,2,2,1,1,1,1,3,2,3,2,3,1,2,3,3
3/4/2016 6:58:54,Ceará,41 a 50 anos,Feminino,Sim,5,3,2,3,1,2,1,1,1,1,1,1,1,2,2,2,2,1,1,1,1,3,1,1,1,1,3,4,1,1,3,3,3,4,1,1
3/4/2016 8:12:14,São Paulo,até 20 anos,Masculino,Sim,5,2,2,1,1,2,1,2,1,1,1,3,1,2,1,1,1,1,1,1,1,2,1,1,1,1,2,3,1,1,1,2,1,1,1,1
3/4/2016 15:47:03,Rio de Janeiro,31 a 40 anos,Feminino,Não,5,1,5,4,4,3,1,2,1,3,3,5,5,5,5,2,5,5,4,1,5,5,2,1,1,1,5,5,5,5,5,5,5,5,1,3
3/4/2016 18:26:18,Ceará,21 a 30 anos,Feminino,Sim,5,3,4,3,1,2,2,2,2,3,3,3,3,3,3,2,3,3,1,1,2,3,2,1,2,1,3,3,1,1,3,3,3,3,2,2
3/5/2016 15:49:16,Bahia,até 20 anos,Feminino,Sim,5,4,4,1,1,2,1,2,1,2,1,5,4,2,2,4,5,1,2,1,2,2,2,1,1,1,5,5,4,4,5,5,5,5,2,4
3/5/2016 23:44:09,Bahia,21 a 30 anos,Masculino,Sim,5,5,4,3,3,2,2,2,1,4,3,4,2,4,4,4,4,2,3,1,3,3,3,1,2,3,4,4,2,2,4,3,4,4,4,1
3/6/2016 0:26:26,Rio de Janeiro,21 a 30 anos,Masculino,Sim,5,3,5,4,2,5,2,3,2,3,4,5,4,5,5,5,3,5,3,1,2,5,4,3,3,1,5,5,3,4,4,5,3,3,3,4
3/6/2016 0:28:16,Rio de Janeiro,até 20 anos,Masculino,Sim,3,5,4,3,4,3,3,2,2,2,3,4,4,3,2,2,2,2,2,2,2,2,3,2,3,2,2,2,1,3,1,3,1,3,1,5
3/6/2016 0:35:43,Rio de Janeiro,até 20 anos,Feminino,Sim,3,4,2,4,2,2,3,2,3,2,3,2,3,5,3,5,3,5,3,4,3,2,2,3,3,3,2,2,3,3,4,2,3,3,3,4
3/6/2016 8:24:43,Ceará,a partir de 51 anos,Feminino,Não,4,4,4,1,1,1,1,1,1,1,1,5,5,3,3,2,2,1,1,1,1,1,1,1,1,1,4,4,4,4,4,4,4,4,1,1
3/6/2016 12:28:14,Ceará,até 20 anos,Feminino,Sim,5,2,4,3,1,3,2,2,2,1,4,5,3,4,4,3,2,5,3,1,1,5,1,1,2,1,5,5,2,2,1,2,3,3,2,3
3/6/2016 12:44:28,Bahia,21 a 30 anos,Masculino,Sim,5,2,5,4,3,3,3,3,2,2,4,5,4,4,5,3,3,4,3,1,3,5,2,2,2,5,4,3,2,2,3,3,2,2,5,4
3/6/2016 16:20:04,Rio de Janeiro,até 20 anos,Feminino,Sim,5,3,5,5,3,3,2,3,2,1,5,5,3,4,4,3,3,5,2,1,2,5,2,1,2,3,3,3,2,3,3,3,3,3,3,3
3/8/2016 0:44:00,Ceará,21 a 30 anos,Masculino,Não,5,4,3,2,1,4,3,3,1,1,2,3,3,3,3,3,3,3,3,1,1,2,1,1,3,1,2,3,1,1,2,3,2,2,2,3
3/8/2016 11:00:21,Rio de Janeiro,até 20 anos,Feminino,Sim,4,3,4,4,2,3,2,2,2,2,4,5,2,4,4,2,3,4,2,1,2,4,2,2,3,3,4,4,3,3,4,4,2,2,3,3
3/8/2016 11:04:09,Ceará,21 a 30 anos,Feminino,Não,5,5,3,4,3,3,1,3,2,1,3,4,5,4,4,3,3,4,4,2,4,4,1,2,1,2,4,4,2,3,3,3,4,4,4,4
3/8/2016 11:07:08,Ceará,até 20 anos,Feminino,Sim,5,3,5,4,3,3,3,3,2,3,5,5,4,3,4,4,3,4,2,2,5,4,3,1,3,5,5,5,3,3,3,3,4,4,3,5